time,target,hit
1732586520,2622.2100000000005,1732598100.0
1732587120,2629.5199999999995,1732587720.0
1732588020,2625.82,1732589040.0
1732588620,2631.3399999999997,1732617360.0
1732588920,2624.15,1732590120.0
1732589040,2623.790000000001,1732590120.0
1732589220,2620.49,1732599060.0
1732592040,2633.740000000001,1732623360.0
1732594680,2629.3899999999994,1732616400.0
1732595040,2630.0200000000004,1732617180.0
1732595640,2621.9700000000003,1732598100.0
1732601100,2627.3599999999997,1732615260.0
1732601880,2626.76,1732615260.0
1732603560,2620.900000000001,1732604640.0
1732605900,2618.4700000000003,1732605900.0
1732609200,2617.8500000000004,1732612260.0
1732609800,2609.2400000000002,1734551640.0
1732609920,2615.98,1732611060.0
1732611420,2611.0199999999995,1734551280.0
1732612320,2630.5299999999993,1732617240.0
1732619640,2625.359999999999,1732629120.0
1732619820,2631.2700000000004,1732620780.0
1732620120,2630.32,1732620120.0
1732621020,2634.100000000001,1732623360.0
1732621740,2633.549999999999,1732623360.0
1732621860,2629.809999999999,1732623960.0
1732622040,2633.81,1732623360.0
1732623840,2629.1700000000005,1732628820.0
1732624140,2635.0299999999997,1732626180.0
1732624740,2633.41,1732626060.0
1732625340,2629.66,1732628820.0
1732626360,2650.3900000000003,1732697700.0
1732627980,2639.0699999999997,1732675260.0
1732628460,2634.0699999999997,1732673400.0
1732629180,2614.95,1733447460.0
1732630980,2638.36,1732675260.0
1732631160,2636.2199999999993,1732674240.0
1732631280,2624.78,1732631520.0
1732634580,2627.8099999999995,1732635180.0
1732638480,2622.320000000001,1732644240.0
1732639800,2631.2799999999997,1732654500.0
1732640100,2634.15,1732673460.0
1732640400,2627.1800000000007,1732640580.0
1732641480,2629.63,1732651860.0
1732641900,2621.4799999999996,1732644360.0
1732644000,2621.8899999999994,1732644360.0
1732647900,2629.41,1732651500.0
1732657740,2633.52,1732664040.0
1732662420,2625.34,1732756140.0
1732663980,2637.38,1732674300.0
1732664580,2626.3599999999997,1732756080.0
1732665240,2633.240000000001,1732673340.0
1732666620,2627.719999999999,1732668660.0
1732670520,2635.4799999999996,1732674120.0
1732677300,2634.5899999999992,1732736460.0
1732677900,2638.7099999999996,1732677960.0
1732678320,2636.94,1732680060.0
1732679520,2636.6699999999996,1732680060.0
1732679820,2639.12,1732681740.0
1732680540,2641.239999999999,1732685400.0
1732681140,2632.93,1732748460.0
1732681680,2638.64,1732681680.0
1732684440,2638.1299999999997,1732720680.0
1732685160,2638.57,1732720620.0
1732685820,2647.8900000000003,1732690920.0
1732687860,2644.6699999999996,1732690320.0
1732688160,2646.6699999999996,1732690560.0
1732688580,2640.01,1732720320.0
1732688760,2652.1999999999994,1732697820.0
1732689180,2642.08,1732719840.0
1732690080,2644.6099999999988,1732690320.0
1732694160,2643.3999999999996,1732719780.0
1732694580,2642.2400000000002,1732719840.0
1732694760,2649.1099999999997,1732695600.0
1732695360,2645.37,1732696740.0
1732695780,2642.030000000001,1732719840.0
1732696560,2648.3700000000013,1732697280.0
1732696800,2641.649999999999,1732719840.0
1732696920,2648.01,1732696920.0
1732700700,2648.5900000000006,1732701420.0
1732702620,2648.770000000001,1732702620.0
1732702860,2648.66,1732702860.0
1732703400,2647.2599999999998,1732704720.0
1732703880,2650.58,1732708560.0
1732704000,2646.130000000001,1732705980.0
1732704780,2642.6500000000005,1732719960.0
1732704900,2651.6,1732708500.0
1732705020,2646.17,1732705980.0
1732705320,2650.7300000000005,1732708560.0
1732705620,2641.560000000001,1732719840.0
1732706520,2643.800000000001,1732719780.0
1732707300,2653.5099999999998,1732709580.0
1732712220,2649.4000000000005,1732712940.0
1732715040,2656.8399999999997,1732715580.0
1732717440,2649.5000000000005,1732717560.0
1732717800,2644.2599999999998,1732719660.0
1732718340,2649.7,1732719600.0
1732719540,2655.76,1732846380.0
1732719840,2631.05,1732748460.0
1732723140,2642.4799999999996,1732723200.0
1732723560,2642.8499999999995,1732725660.0
1732723860,2639.87,1732723920.0
1732724160,2638.7999999999997,1732725120.0
1732724760,2647.0999999999995,1732786860.0
1732725060,2635.3399999999997,1732736040.0
1732725240,2643.2000000000007,1732725900.0
1732725660,2637.4699999999993,1732726920.0
1732726380,2634.9099999999994,1732736460.0
1732727580,2648.12,1732790280.0
1732728060,2645.7000000000007,1732784280.0
1732728660,2637.7200000000007,1732729980.0
1732730160,2636.1000000000004,1732735620.0
1732732080,2643.500000000001,1732784340.0
1732732380,2639.78,1732732800.0
1732734000,2641.149999999999,1732783860.0
1732734900,2633.7599999999993,1732748460.0
1732738500,2640.57,1732783200.0
1732741200,2635.7499999999995,1732741380.0
1732744380,2635.6,1732744380.0
1732744800,2633.870000000001,1732748460.0
1732748820,2642.4199999999996,1732783980.0
1732749360,2636.3300000000004,1732749840.0
1732749540,2636.789999999999,1732749540.0
1732751760,2636.7900000000004,1732751820.0
1732752240,2636.020000000001,1732752360.0
1732752540,2636.3199999999997,1732752720.0
1732752840,2636.720000000001,1732753020.0
1732753080,2638.6500000000005,1732776300.0
1732753440,2633.8899999999994,1732755660.0
1732753860,2641.43,1732783920.0
1732754580,2633.1699999999987,1732755720.0
1732754760,2638.7799999999993,1732776300.0
1732755180,2634.239999999999,1732755660.0
1732759080,2631.7899999999995,1732764720.0
1732762140,2627.9,1732762140.0
1732762380,2625.5899999999992,1733102460.0
1732762680,2626.84,1732762920.0
1732763880,2628.58,1732764000.0
1732770480,2625.3199999999997,1733102460.0
1732772040,2641.0,1732783500.0
1732772400,2632.030000000001,1732772400.0
1732772580,2634.1400000000003,1732774980.0
1732774140,2630.72,1733103300.0
1732774320,2634.5699999999997,1732774980.0
1732779420,2635.91,1732779960.0
1732779720,2639.4399999999996,1732782780.0
1732779840,2636.39,1732779840.0
1732780140,2634.060000000001,1733100180.0
1732780320,2638.7600000000007,1732782540.0
1732781160,2636.1200000000003,1732841580.0
1732782240,2636.67,1732808040.0
1732782360,2638.4500000000007,1732782720.0
1732788960,2648.8900000000003,1732790340.0
1732789080,2643.8799999999987,1732796640.0
1732789260,2645.8899999999994,1732789320.0
1732789560,2643.730000000001,1732799100.0
1732789980,2648.860000000001,1732790340.0
1732793460,2645.0499999999997,1732794060.0
1732796700,2636.720000000001,1732808040.0
1732797000,2647.55,1732802640.0
1732797180,2640.7900000000004,1732806000.0
1732797300,2646.490000000001,1732797300.0
1732797600,2645.3800000000006,1732798860.0
1732798380,2647.11,1732801500.0
1732799400,2642.009999999999,1732805880.0
1732799820,2646.500000000001,1732800360.0
1732800120,2643.0699999999993,1732843560.0
1732801200,2644.18,1732804860.0
1732801740,2648.2100000000014,1732845840.0
1732803420,2644.46,1732804860.0
1732804260,2650.819999999999,1732846140.0
1732804500,2644.2200000000007,1732804860.0
1732810320,2641.3400000000006,1732811160.0
1732814340,2641.01,1732814340.0
1732814460,2640.34,1732814820.0
1732815780,2641.39,1732815780.0
1732816140,2640.7000000000007,1732816320.0
1732816260,2640.16,1732816920.0
1732817820,2640.43,1732817820.0
1732817940,2640.0599999999995,1732818420.0
1732818240,2641.4099999999994,1732842900.0
1732818360,2640.4100000000003,1732818420.0
1732818960,2640.539999999999,1732819200.0
1732819740,2639.9100000000008,1732819920.0
1732819980,2642.9799999999996,1732843260.0
1732820160,2638.91,1732820580.0
1732836120,2638.9800000000005,1732838160.0
1732836300,2633.73,1733100180.0
1732837320,2638.5100000000007,1732837380.0
1732838040,2633.0799999999995,1733100180.0
1732838160,2643.0000000000005,1732843260.0
1732838340,2638.2300000000005,1732840260.0
1732838640,2636.2599999999998,1732841580.0
1732840320,2635.43,1732842000.0
1732840620,2640.1599999999994,1732842660.0
1732841220,2635.309999999999,1732842000.0
1732842540,2644.4900000000002,1732843680.0
1732849860,2650.5200000000004,1732892580.0
1732850460,2664.6299999999997,1732860420.0
1732850640,2658.53,1732850640.0
1732850940,2661.5400000000004,1732855200.0
1732851240,2657.5200000000013,1732851600.0
1732851420,2652.5699999999997,1732892400.0
1732851840,2660.6900000000005,1732855200.0
1732852560,2660.1500000000005,1732852800.0
1732853460,2657.939999999999,1732867980.0
1732853760,2660.2100000000014,1732853820.0
1732854960,2660.19,1732855080.0
1732856160,2661.3499999999995,1732857900.0
1732856400,2658.8,1732867740.0
1732856700,2659.2699999999995,1732866840.0
1732857060,2661.219999999999,1732857900.0
1732861200,2668.0,1733754420.0
1732861500,2659.2199999999993,1732866840.0
1732861980,2666.59,1733753700.0
1732863600,2666.5400000000004,1733753700.0
1732863900,2662.8699999999994,1732863960.0
1732867320,2665.86,1733752680.0
1732867500,2660.6399999999994,1732867560.0
1732871220,2663.4599999999996,1732874340.0
1732872120,2666.51,1733753700.0
1732876920,2664.45,1733752620.0
1732877220,2661.469999999999,1732877640.0
1732878840,2670.22,1733758380.0
1732879860,2663.2100000000005,1732880160.0
1732880040,2666.58,1733753700.0
1732880640,2662.4000000000005,1732880820.0
1732880940,2660.9500000000003,1732881180.0
1732883340,2661.28,1732884000.0
1732883760,2659.92,1732884240.0
1732884660,2658.1899999999996,1732886160.0
1732885260,2663.5899999999992,1733752140.0
1732885440,2653.4599999999996,1732891500.0
1732885560,2660.27,1732885560.0
1732885680,2657.1200000000003,1732886220.0
1732886160,2655.0999999999995,1732891500.0
1732887060,2665.0300000000007,1733752620.0
1732887600,2656.4800000000005,1732888500.0
1732888260,2656.36,1732890360.0
1732889160,2666.850000000001,1733754420.0
1732889760,2655.9399999999996,1732890480.0
1732891380,2650.3300000000004,1732907760.0
1732894500,2660.05,1732896060.0
1732894800,2649.819999999999,1732907640.0
1732895400,2656.2299999999996,1732895880.0
1732899240,2663.45,1733752140.0
1732900320,2652.6299999999997,1732905300.0
1732902120,2659.2200000000007,1732902780.0
1732902840,2662.35,1733751660.0
1732903920,2660.5399999999995,1733751300.0
1732905360,2647.9700000000007,1733094600.0
1733099340,2641.8600000000006,1733099700.0
1733104200,2641.259999999999,1733138100.0
1733105340,2637.7400000000002,1733137320.0
1733106540,2628.8199999999993,1733108220.0
1733111280,2632.1300000000006,1733125200.0
1733112780,2628.739999999999,1733112780.0
1733113200,2625.509999999999,1733116500.0
1733113500,2627.8200000000015,1733113620.0
1733114400,2624.95,1733116620.0
1733115600,2626.399999999999,1733116440.0
1733118720,2628.190000000001,1733123460.0
1733119020,2619.4099999999994,1733447280.0
1733119980,2628.080000000001,1733123340.0
1733120520,2627.289999999999,1733122440.0
1733121120,2620.5599999999995,1733447280.0
1733122200,2627.850000000001,1733123340.0
1733126520,2628.1800000000003,1733126580.0
1733126820,2633.240000000001,1733130780.0
1733126940,2620.3899999999994,1733447280.0
1733127120,2639.1600000000008,1733137980.0
1733127420,2628.970000000001,1733128380.0
1733127720,2636.7599999999998,1733134260.0
1733127900,2629.7899999999995,1733128200.0
1733128620,2624.1899999999996,1733423220.0
1733129460,2633.9599999999996,1733130780.0
1733130840,2638.9300000000003,1733137920.0
1733134140,2633.0699999999993,1733163840.0
1733134320,2640.2000000000003,1733138100.0
1733134740,2633.490000000001,1733163840.0
1733135400,2641.2399999999993,1733138100.0
1733136960,2634.0199999999995,1733163780.0
1733137260,2640.1899999999996,1733138100.0
1733141280,2636.4800000000005,1733162700.0
1733141760,2644.4699999999993,1733145660.0
1733142300,2641.5699999999993,1733142600.0
1733143980,2644.2799999999993,1733145660.0
1733144580,2631.8199999999993,1733418780.0
1733145660,2648.8599999999997,1733148840.0
1733149920,2638.550000000001,1733159100.0
1733150100,2638.91,1733159280.0
1733150400,2647.829999999999,1733151960.0
1733150580,2649.4700000000007,1733207040.0
1733151180,2638.74,1733161260.0
1733151480,2644.2300000000014,1733151720.0
1733152200,2637.02,1733162580.0
1733153100,2642.96,1733153400.0
1733153280,2642.2299999999996,1733154360.0
1733153580,2641.3099999999995,1733154360.0
1733154000,2643.7400000000002,1733154180.0
1733156520,2653.9799999999996,1733234400.0
1733156820,2640.1999999999994,1733157240.0
1733157840,2638.3599999999997,1733161260.0
1733158620,2645.04,1733206260.0
1733159100,2637.630000000001,1733161620.0
1733160540,2638.240000000001,1733161260.0
1733162520,2635.7799999999997,1733162760.0
1733165820,2638.0300000000007,1733166180.0
1733169660,2634.0199999999995,1733317500.0
1733170560,2650.7999999999993,1733234100.0
1733173560,2637.0699999999993,1733174640.0
1733175960,2639.860000000001,1733181060.0
1733180460,2638.69,1733180460.0
1733185140,2644.6499999999996,1733188560.0
1733187060,2641.519999999999,1733187120.0
1733187720,2644.999999999999,1733206260.0
1733187900,2645.249999999999,1733206260.0
1733188440,2646.2400000000002,1733206620.0
1733189400,2631.89,1733418780.0
1733193720,2641.8599999999997,1733198580.0
1733194740,2639.83,1733196780.0
1733194920,2640.3499999999995,1733197500.0
1733195160,2633.440000000001,1733412600.0
1733195340,2639.2300000000005,1733196540.0
1733200860,2639.68,1733200860.0
1733201040,2639.32,1733201100.0
1733203860,2637.2099999999996,1733239200.0
1733204340,2642.41,1733205720.0
1733204760,2637.2300000000005,1733239200.0
1733204880,2643.7099999999987,1733206140.0
1733209680,2645.5299999999993,1733209740.0
1733216820,2648.27,1733233560.0
1733220000,2640.6200000000013,1733228340.0
1733223120,2644.59,1733223180.0
1733223300,2642.34,1733227680.0
1733224740,2647.620000000001,1733233380.0
1733225820,2645.8200000000006,1733232120.0
1733226420,2646.609999999999,1733232540.0
1733227020,2646.1900000000005,1733232600.0
1733227440,2642.2699999999995,1733227680.0
1733231640,2645.96,1733232600.0
1733237100,2646.370000000001,1733237760.0
1733241180,2641.31,1733241180.0
1733242080,2635.0999999999985,1733317440.0
1733242380,2642.4099999999994,1733242500.0
1733247180,2644.56,1733247420.0
1733248800,2648.2799999999997,1733248980.0
1733249520,2648.689999999999,1733288820.0
1733249820,2641.499999999999,1733253840.0
1733250120,2649.9200000000005,1733290200.0
1733250240,2648.569999999999,1733288640.0
1733251020,2643.3300000000004,1733251080.0
1733252340,2647.4000000000005,1733278020.0
1733252640,2648.0800000000004,1733288400.0
1733253120,2644.5599999999995,1733253180.0
1733256540,2645.4400000000005,1733277780.0
1733259240,2640.6900000000014,1733272800.0
1733260920,2643.2300000000005,1733261520.0
1733261460,2643.57,1733261520.0
1733267400,2636.4800000000014,1733301300.0
1733270160,2643.3199999999993,1733277660.0
1733272680,2638.859999999999,1733274000.0
1733276100,2635.7499999999995,1733301300.0
1733276400,2639.6800000000007,1733276460.0
1733276580,2635.2,1733317440.0
1733276820,2632.08,1733413380.0
1733277000,2641.59,1733277240.0
1733281020,2641.4599999999996,1733298120.0
1733281200,2648.37,1733288520.0
1733282820,2640.8499999999995,1733298180.0
1733283720,2645.9300000000003,1733283900.0
1733284200,2644.380000000001,1733284260.0
1733285220,2650.12,1733290500.0
1733285400,2645.959999999999,1733286180.0
1733286960,2644.9900000000007,1733287020.0
1733287320,2647.1899999999987,1733287980.0
1733293140,2646.5299999999997,1733296500.0
1733293740,2649.41,1733293920.0
1733294640,2648.74,1733295480.0
1733294760,2650.5800000000004,1733294880.0
1733295240,2649.230000000001,1733295300.0
1733295840,2649.5400000000004,1733321040.0
1733296440,2644.94,1733296920.0
1733302080,2646.34,1733311560.0
1733302860,2647.419999999999,1733320320.0
1733303160,2635.7599999999993,1733317380.0
1733303280,2643.9800000000005,1733309700.0
1733305080,2640.619999999999,1733305620.0
1733305380,2639.3099999999995,1733305680.0
1733306580,2633.780000000001,1733317500.0
1733306880,2642.4999999999995,1733308620.0
1733308080,2645.1800000000003,1733310120.0
1733308380,2642.9900000000007,1733309460.0
1733313000,2643.8600000000006,1733313180.0
1733313420,2648.4899999999993,1733320680.0
1733314200,2646.5899999999997,1733319060.0
1733314740,2642.1799999999994,1733315280.0
1733318640,2648.659999999999,1733320680.0
1733318820,2646.7900000000004,1733319060.0
1733319540,2658.21,1733742660.0
1733322120,2654.1399999999994,1733325900.0
1733324040,2648.800000000001,1733330700.0
1733324580,2653.9399999999996,1733325900.0
1733325660,2645.0,1733364600.0
1733326140,2656.35,1733326920.0
1733328960,2653.720000000001,1733329020.0
1733329860,2648.4100000000003,1733330700.0
1733333400,2648.1900000000005,1733338800.0
1733333760,2652.5299999999997,1733336580.0
1733335800,2652.75,1733339640.0
1733335980,2648.430000000001,1733338800.0
1733336400,2653.67,1733339700.0
1733337480,2648.1499999999987,1733338800.0
1733338200,2652.769999999999,1733339640.0
1733338500,2648.48,1733338800.0
1733339700,2655.2200000000007,1733377980.0
1733341080,2650.7,1733341680.0
1733341800,2651.8599999999997,1733341920.0
1733342700,2651.0199999999995,1733342700.0
1733346240,2650.1200000000013,1733346300.0
1733347740,2646.3900000000003,1733363340.0
1733348220,2649.18,1733349420.0
1733348580,2649.59,1733348580.0
1733354340,2652.7,1733377080.0
1733357640,2647.39,1733363040.0
1733361120,2648.84,1733361120.0
1733361240,2653.870000000001,1733377680.0
1733362500,2650.309999999999,1733362560.0
1733363160,2644.0,1733388900.0
1733366280,2651.0200000000004,1733376840.0
1733367480,2650.6799999999994,1733376780.0
1733367960,2641.4899999999993,1733391120.0
1733369100,2645.78,1733373540.0
1733370180,2649.429999999999,1733371260.0
1733372880,2648.0200000000004,1733373000.0
1733373240,2641.78,1733389020.0
1733373480,2647.3,1733375700.0
1733376180,2649.06,1733376180.0
1733379900,2648.700000000001,1733380440.0
1733384160,2640.9799999999996,1733414160.0
1733384340,2653.5799999999995,1733403660.0
1733386020,2645.799999999999,1733386860.0
1733391660,2641.4700000000007,1733414580.0
1733391780,2645.7699999999995,1733391960.0
1733392740,2646.5000000000005,1733393220.0
1733392980,2647.9099999999994,1733393520.0
1733397900,2648.6800000000003,1733398020.0
1733398080,2652.69,1733403720.0
1733398380,2643.0099999999998,1733410620.0
1733398860,2652.8999999999987,1733403720.0
1733401680,2646.899999999999,1733405100.0
1733401800,2648.560000000001,1733401860.0
1733403480,2655.58,1733737680.0
1733405580,2649.3900000000003,1733406840.0
1733408400,2645.7200000000003,1733408520.0
1733409240,2650.1800000000003,1733729640.0
1733409900,2641.589999999999,1733414580.0
1733414340,2646.5900000000006,1733699160.0
1733417340,2634.9000000000005,1733417580.0
1733421780,2629.9299999999994,1733425200.0
1733421960,2626.1300000000006,1733422320.0
1733422560,2629.979999999999,1733425200.0
1733423040,2622.89,1733447280.0
1733423460,2627.7,1733423820.0
1733424240,2630.56,1733425200.0
1733425140,2629.74,1733425200.0
1733428680,2632.1100000000006,1733432520.0
1733428860,2631.2599999999998,1733429220.0
1733429880,2628.5400000000004,1733430420.0
1733430360,2628.1599999999994,1733447100.0
1733431680,2632.5699999999997,1733440680.0
1733431980,2628.55,1733446740.0
1733432280,2635.3199999999997,1733455500.0
1733435520,2631.6099999999997,1733439780.0
1733435880,2631.1,1733439900.0
1733440020,2634.040000000001,1733455500.0
1733440320,2635.64,1733455500.0
1733440500,2629.87,1733446680.0
1733440680,2632.69,1733440680.0
1733443800,2631.4800000000005,1733444160.0
1733450460,2622.3,1733452200.0
1733451660,2617.9199999999996,1734548940.0
1733451840,2616.5500000000006,1734549240.0
1733452260,2613.7900000000004,1734551220.0
1733452560,2626.1899999999996,1733454180.0
1733460660,2642.189999999999,1733460840.0
1733460960,2644.1,1733475780.0
1733461260,2641.8199999999993,1733461260.0
1733462100,2637.3400000000006,1733463660.0
1733462280,2642.0099999999993,1733462400.0
1733462760,2641.6900000000005,1733463120.0
1733462880,2642.2,1733474700.0
1733463060,2640.6899999999996,1733463120.0
1733466720,2649.9400000000005,1733729640.0
1733467500,2642.01,1733474700.0
1733468700,2644.8700000000003,1733475540.0
1733469300,2635.35,1733481660.0
1733471520,2635.3999999999996,1733481660.0
1733471700,2640.7300000000005,1733472120.0
1733477640,2638.719999999999,1733479980.0
1733477940,2633.9100000000008,1733481960.0
1733478420,2638.9300000000007,1733479920.0
1733483940,2637.38,1733484000.0
1733486880,2636.2500000000005,1733490120.0
1733488080,2638.330000000001,1733489460.0
1733488260,2643.2200000000003,1733699100.0
1733490180,2629.39,1733494140.0
1733492280,2649.03,1733707560.0
1733492580,2636.0299999999993,1733492760.0
1733493780,2645.29,1733699280.0
1733493960,2632.32,1733494020.0
1733497200,2641.3300000000004,1733503020.0
1733500380,2630.969999999999,1733704200.0
1733500980,2639.9099999999994,1733502000.0
1733501280,2635.7400000000002,1733501280.0
1733501700,2636.329999999999,1733504580.0
1733502000,2642.2400000000007,1733698920.0
1733504700,2632.3100000000004,1733518740.0
1733505300,2640.899999999999,1733699820.0
1733505600,2633.5099999999998,1733513280.0
1733509560,2642.32,1733698920.0
1733511840,2632.92,1733518620.0
1733515440,2639.469999999999,1733700420.0
1733516040,2633.56,1733518260.0
1733516340,2636.86,1733700540.0
1733518380,2630.820000000001,1733704200.0
1733521800,2633.62,1733703900.0
1733698860,2632.14,1733704140.0
1733702160,2633.1499999999996,1733703900.0
1733706540,2642.91,1733706780.0
1733710260,2641.78,1733712060.0
1733711520,2653.7700000000004,1733737020.0
1733711880,2650.65,1733731080.0
1733712060,2640.47,1733716500.0
1733715180,2647.7599999999998,1733729460.0
1733715660,2636.9900000000002,1733717040.0
1733721300,2638.8300000000004,1733721660.0
1733721480,2638.5300000000007,1733721660.0
1733732940,2651.040000000001,1733735580.0
1733733420,2645.5499999999993,1734310200.0
1733733720,2645.230000000001,1734310260.0
1733734440,2646.12,1734310140.0
1733734920,2653.9300000000003,1733737140.0
1733740680,2652.850000000001,1734115380.0
1733741580,2657.0199999999995,1733741820.0
1733741940,2660.06,1733743560.0
1733742360,2659.8499999999995,1733743560.0
1733743560,2663.840000000001,1733752080.0
1733743860,2650.0399999999986,1734121320.0
1733744160,2659.200000000001,1733751120.0
1733745660,2648.73,1734122760.0
1733746260,2653.0099999999998,1734115380.0
1733746860,2657.9300000000003,1733749440.0
1733746980,2654.3299999999995,1733748420.0
1733747820,2652.34,1734120000.0
1733748060,2655.140000000001,1733748300.0
1733748300,2654.16,1733748360.0
1733749080,2652.7599999999993,1734115380.0
1733749380,2659.790000000001,1733751120.0
1733749980,2657.719999999999,1733750280.0
1733750280,2663.5200000000013,1733752140.0
1733750880,2660.6099999999988,1733751300.0
1733751000,2658.8299999999995,1733751120.0
1733758440,2666.980000000001,1733761920.0
1733758800,2675.2799999999993,1733827860.0
1733759400,2668.3700000000003,1733759640.0
1733762700,2671.290000000001,1733802540.0
1733762820,2674.4299999999985,1733827260.0
1733763000,2664.7599999999998,1733766420.0
1733765520,2667.010000000001,1733765580.0
1733770440,2662.739999999999,1733770800.0
1733770620,2663.0800000000004,1733770740.0
1733771160,2667.0200000000013,1733795880.0
1733771280,2661.2,1733771580.0
1733778180,2655.8199999999997,1734103440.0
1733779200,2660.4000000000005,1733781060.0
1733781300,2665.940000000001,1733792460.0
1733787660,2655.21,1734103560.0
1733787900,2667.8800000000006,1733795940.0
1733788680,2658.3099999999995,1733789340.0
1733788800,2658.8600000000006,1733789220.0
1733790900,2659.0999999999995,1734100740.0
1733791920,2661.87,1733792040.0
1733794920,2666.4799999999996,1733795820.0
1733795340,2662.469999999999,1733818440.0
1733795940,2651.1699999999987,1734120660.0
1733796420,2678.0899999999992,1733832540.0
1733800020,2665.84,1733800680.0
1733802420,2674.93,1733827740.0
1733802960,2668.7600000000007,1733802960.0
1733806440,2669.8300000000013,1733806800.0
1733809380,2673.539999999999,1733827260.0
1733809980,2665.59,1733817120.0
1733812260,2666.1699999999996,1733817000.0
1733813580,2672.2599999999993,1733827080.0
1733814960,2663.19,1733818020.0
1733815380,2672.1200000000003,1733827020.0
1733816700,2666.149999999999,1733817000.0
1733821200,2660.94,1734097800.0
1733821980,2667.24,1733825880.0
1733823000,2661.97,1734097620.0
1733823300,2666.289999999999,1733824200.0
1733824920,2661.0800000000004,1734097800.0
1733825100,2669.409999999999,1733826660.0
1733830020,2667.6799999999994,1734084300.0
1733832120,2678.3100000000013,1733832600.0
1733835540,2676.479999999999,1733835600.0
1733836260,2672.6500000000005,1733836740.0
1733837340,2673.0999999999995,1734080580.0
1733838360,2680.1700000000005,1733838960.0
1733838780,2681.290000000001,1733838960.0
1733844180,2681.449999999999,1733893380.0
1733844360,2687.6299999999987,1733844540.0
1733844900,2682.379999999999,1733892720.0
1733846700,2677.2599999999998,1733893500.0
1733847060,2692.5999999999995,1733850000.0
1733848200,2690.98,1733849760.0
1733855640,2692.0100000000007,1733855760.0
1733858520,2699.760000000001,1733877720.0
1733858820,2689.3600000000006,1733896080.0
1733859000,2692.230000000001,1733859540.0
1733860620,2693.5199999999986,1733866680.0
1733861820,2690.86,1733864040.0
1733862720,2692.5500000000006,1733863380.0
1733864580,2691.47,1733864580.0
1733866860,2698.019999999999,1733874600.0
1733875380,2693.100000000001,1733875740.0
1733875500,2698.8799999999997,1733877240.0
1733875800,2685.4300000000003,1733891700.0
1733876160,2693.2400000000002,1733888640.0
1733876280,2696.62,1733876400.0
1733881500,2700.449999999999,1733881920.0
1733881980,2703.9700000000007,1733928780.0
1733883180,2697.6,1733888280.0
1733884380,2705.1,1733928900.0
1733885400,2696.57,1733888460.0
1733885700,2707.819999999999,1733929380.0
1733885820,2693.359999999999,1733888640.0
1733886240,2698.920000000001,1733886360.0
1733896020,2691.3300000000013,1733897280.0
1733901060,2675.19,1734080220.0
1733904900,2694.7700000000004,1733905920.0
1733907480,2688.6899999999996,1733907900.0
1733909760,2701.52,1733925420.0
1733909880,2692.990000000001,1733910000.0
1733914080,2693.1900000000005,1733914140.0
1733914500,2696.9999999999986,1733918160.0
1733914620,2694.6299999999987,1733915400.0
1733916420,2701.88,1733925420.0
1733917680,2692.1199999999985,1733923440.0
1733917920,2699.8399999999992,1733924160.0
1733918820,2692.1900000000005,1733923440.0
1733919120,2689.0499999999997,1734013020.0
1733919420,2698.1600000000003,1733923980.0
1733919600,2696.1499999999996,1733919660.0
1733919720,2698.490000000001,1733923980.0
1733920200,2694.390000000001,1733920320.0
1733920620,2697.16,1733922060.0
1733921040,2694.3000000000006,1733923260.0
1733922120,2702.970000000001,1733925720.0
1733923440,2689.9700000000003,1734012960.0
1733924040,2706.67,1733929140.0
1733928120,2704.0800000000004,1733928780.0
1733928720,2710.21,1733929980.0
1733934960,2700.27,1733967000.0
1733935140,2719.2900000000004,1733937120.0
1733935260,2711.24,1733967000.0
1733935560,2712.6299999999997,1733935620.0
1733935860,2714.7200000000007,1733935920.0
1733939760,2715.7499999999986,1733942880.0
1733940360,2719.860000000001,1733941200.0
1733942580,2715.8999999999996,1733942880.0
1733945700,2720.8300000000013,1733963460.0
1733948700,2717.1000000000004,1733949240.0
1733949000,2717.2100000000005,1733949240.0
1733950200,2723.879999999999,1733965140.0
1733950500,2712.780000000001,1733967000.0
1733953500,2718.2199999999993,1733960280.0
1733954220,2715.3899999999994,1733954220.0
1733958120,2705.5900000000006,1733967000.0
1733959320,2713.8599999999997,1733967000.0
1733960220,2720.04,1733962020.0
1733966040,2715.4199999999987,1733966280.0
1733970060,2706.5999999999995,1733970300.0
1733970660,2707.22,1733970660.0
1733972520,2700.0900000000006,1734011760.0
1733973480,2702.9299999999994,1734009360.0
1733973840,2708.749999999999,1733975340.0
1733980800,2713.0099999999993,1733980860.0
1733981160,2719.0800000000004,1733986980.0
1733983200,2710.6800000000007,1733983920.0
1733983920,2710.92,1733983920.0
1733985600,2711.000000000001,1733998140.0
1733986020,2716.570000000001,1733986500.0
1733989920,2713.1100000000006,1733998020.0
1733992620,2719.4700000000007,
1733992920,2713.7999999999993,1733997720.0
1733993520,2713.9599999999996,1733997720.0
1733993820,2718.620000000001,
1733994420,2713.9500000000007,1733997720.0
1733995260,2707.520000000001,1734001920.0
1733995560,2707.26,1734007800.0
1733996340,2712.88,1733998020.0
1733997660,2712.1499999999996,1733998320.0
1734000480,2711.8000000000006,1734000600.0
1734001260,2705.9599999999996,1734008640.0
1734004080,2705.0599999999995,1734009240.0
1734004560,2713.880000000001,
1734006180,2708.3500000000004,1734007740.0
1734007080,2709.0700000000015,1734007440.0
1734016920,2689.9600000000005,1734052260.0
1734017820,2677.63,1734018180.0
1734019620,2676.7,1734080280.0
1734020640,2676.4100000000003,1734080220.0
1734021120,2681.4700000000003,1734021480.0
1734022440,2681.099999999999,1734038280.0
1734022620,2686.950000000001,1734051840.0
1734026040,2685.9300000000007,1734026520.0
1734026880,2683.3400000000006,1734027120.0
1734027180,2687.9,1734051960.0
1734027840,2681.4900000000002,1734035880.0
1734027960,2688.060000000001,1734051960.0
1734028560,2679.9500000000007,1734036960.0
1734028680,2685.79,1734029100.0
1734028860,2680.99,1734038280.0
1734029040,2687.4500000000007,1734054780.0
1734029340,2683.149999999999,1734032400.0
1734029760,2684.0499999999993,1734029880.0
1734030660,2688.240000000001,1734051960.0
1734031140,2689.159999999999,1734052020.0
1734032040,2681.9999999999995,1734033780.0
1734033060,2681.0000000000005,1734038280.0
1734038760,2682.0299999999993,1734038880.0
1734038880,2682.0600000000004,1734038880.0
1734040140,2683.5400000000004,1734051360.0
1734040680,2676.9400000000005,1734080280.0
1734044700,2680.5599999999995,1734044700.0
1734044880,2677.1199999999994,1734080280.0
1734047460,2676.4800000000014,1734080220.0
1734048120,2675.99,1734080220.0
1734049320,2685.6800000000003,1734051660.0
1734055020,2693.7400000000002,
1734055140,2693.11,
1734055260,2686.879999999999,1734055500.0
1734057840,2691.1600000000003,
1734058260,2681.8399999999992,1734075060.0
1734058860,2689.1499999999996,1734060660.0
1734058980,2685.250000000001,1734059340.0
1734059280,2684.2499999999995,1734071520.0
1734059460,2680.5300000000007,1734079740.0
1734059940,2688.4100000000003,1734060360.0
1734060060,2686.6,1734062520.0
1734060240,2689.24,1734060660.0
1734060360,2683.379999999999,1734074820.0
1734060660,2690.7700000000004,
1734062760,2685.9399999999996,1734063540.0
1734065580,2692.2,
1734065760,2686.1199999999994,1734066660.0
1734066360,2687.4299999999994,1734067920.0
1734066600,2686.0000000000005,1734066660.0
1734067560,2688.6599999999994,1734068520.0
1734067680,2688.0399999999995,1734068520.0
1734067800,2687.570000000001,1734068040.0
1734068160,2683.5899999999997,1734074820.0
1734068400,2687.5100000000007,1734068520.0
1734070380,2687.7099999999996,1734072240.0
1734070860,2685.4800000000005,1734071220.0
1734072480,2688.6699999999996,1734072660.0
1734074700,2682.5599999999995,1734074940.0
1734077820,2688.3000000000006,
1734078720,2679.1399999999994,1734080040.0
1734078900,2685.14,
1734079620,2681.320000000001,1734079680.0
1734086940,2670.470000000001,1734092580.0
1734087120,2667.6099999999997,1734087240.0
1734091560,2669.9700000000007,1734092340.0
1734095280,2666.4199999999996,1734095580.0
1734096360,2666.66,1734096360.0
1734101760,2663.9799999999996,1734108120.0
1734101880,2654.6300000000006,1734103740.0
1734104280,2669.129999999999,
1734104880,2666.8599999999997,
1734105540,2662.6200000000003,1734106080.0
1734107220,2656.5999999999995,1734337440.0
1734107400,2662.26,1734107940.0
1734107700,2660.25,1734338040.0
1734107820,2659.0800000000004,1734337800.0
1734108000,2666.7500000000014,
1734111960,2661.3700000000013,1734338160.0
1734118440,2656.36,1734337380.0
1734119040,2652.77,1734119160.0
1734125760,2652.48,1734312120.0
1734126060,2645.3599999999997,1734310260.0
1734126360,2652.8799999999997,1734312060.0
1734304380,2651.6600000000008,1734306660.0
1734304920,2652.3400000000006,1734312120.0
1734305520,2653.3999999999996,1734312120.0
1734306120,2651.21,1734306120.0
1734309360,2643.4300000000003,1734310560.0
1734311520,2653.86,1734312300.0
1734311640,2647.8600000000006,1734416640.0
1734312660,2660.6000000000004,1734338100.0
1734315060,2649.65,1734366540.0
1734315240,2651.35,1734317820.0
1734316560,2654.45,1734320100.0
1734317760,2648.329999999999,1734416580.0
1734318660,2655.1600000000003,1734320340.0
1734318780,2651.1100000000006,1734326220.0
1734318900,2653.34,1734319200.0
1734319980,2654.8799999999987,1734320280.0
1734321900,2655.7799999999993,1734337380.0
1734322200,2651.649999999999,1734325800.0
1734322560,2653.9500000000003,1734322800.0
1734323160,2652.7899999999995,1734323640.0
1734323760,2653.93,1734330540.0
1734324300,2651.4799999999996,1734325860.0
1734327600,2657.120000000001,1734337440.0
1734327720,2650.530000000001,1734366480.0
1734328500,2653.2299999999987,1734328920.0
1734328680,2651.3699999999994,1734362580.0
1734328800,2653.51,1734329040.0
1734332220,2658.1600000000003,1734337800.0
1734332700,2651.6499999999996,1734333120.0
1734333240,2647.75,1734416640.0
1734333720,2654.64,1734333780.0
1734334620,2654.31,1734335040.0
1734336420,2655.430000000001,1734336960.0
1734336600,2651.3200000000006,1734362580.0
1734336900,2657.3400000000006,1734337440.0
1734340740,2656.420000000001,1734340920.0
1734343500,2658.76,1734343500.0
1734343620,2656.72,1734360120.0
1734343860,2659.189999999999,1734344640.0
1734346860,2654.9199999999987,1734361080.0
1734347040,2660.12,1734347820.0
1734347280,2658.0499999999993,1734352680.0
1734347460,2662.7300000000005,1734348600.0
1734347760,2660.6300000000006,1734348000.0
1734351780,2657.38,1734358800.0
1734352020,2657.0500000000006,1734358920.0
1734352380,2658.6600000000008,1734352740.0
1734354480,2657.7599999999998,1734358740.0
1734354780,2665.4099999999994,
1734355260,2665.720000000001,
1734355560,2661.6600000000008,1734355680.0
1734355980,2656.6099999999997,1734360120.0
1734356100,2662.4799999999996,1734357180.0
1734356580,2665.4399999999996,
1734356700,2664.5200000000004,
1734356880,2654.5299999999993,1734361740.0
1734357180,2669.59,
1734357300,2664.99,
1734357480,2661.4599999999987,1734357660.0
1734359880,2657.2199999999993,1734359940.0
1734363300,2654.09,1734364260.0
1734364200,2654.7999999999997,1734364260.0
1734364500,2659.7599999999998,
1734364620,2654.3100000000004,1734364680.0
1734364800,2655.2999999999997,1734365580.0
1734366000,2653.2400000000002,1734366120.0
1734369420,2656.15,1734398040.0
1734371820,2646.2899999999995,1734424620.0
1734372120,2651.4000000000005,1734377820.0
1734373620,2652.6499999999996,1734373620.0
1734374040,2654.2100000000005,1734374100.0
1734377640,2650.1499999999996,1734396000.0
1734380640,2654.3500000000004,1734396960.0
1734380760,2646.809999999999,1734418080.0
1734382380,2654.1,1734396960.0
1734382860,2654.8200000000006,1734397140.0
1734382980,2651.2599999999993,1734384480.0
1734384000,2653.0499999999993,1734393660.0
1734384180,2648.7299999999996,1734416580.0
1734384840,2653.5399999999995,1734396840.0
1734385080,2650.2100000000005,1734396000.0
1734386040,2654.9199999999996,1734397320.0
1734390480,2650.9699999999993,1734393060.0
1734390840,2652.5299999999993,1734391440.0
1734391500,2649.580000000001,1734411900.0
1734391980,2651.3800000000006,1734393060.0
1734392400,2651.5600000000004,1734393060.0
1734393600,2651.6700000000005,1734393600.0
1734394500,2651.0900000000006,1734396000.0
1734395100,2653.3799999999997,1734396840.0
1734396120,2646.379999999999,1734424620.0
1734396600,2652.08,1734405180.0
1734396720,2655.100000000001,1734397320.0
1734402960,2654.9500000000003,1734403740.0
1734406440,2655.0899999999997,1734406800.0
1734406740,2656.539999999999,
1734406920,2654.35,1734407040.0
1734407160,2650.6599999999994,1734411480.0
1734408180,2658.239999999999,
1734408360,2651.0500000000006,1734411480.0
1734408660,2655.119999999999,1734420600.0
1734408840,2654.430000000001,1734409020.0
1734409320,2650.2099999999996,1734411720.0
1734413460,2658.17,
1734413880,2652.14,1734413880.0
1734414180,2658.1399999999994,
1734416280,2649.180000000001,1734416580.0
1734419460,2654.060000000001,1734420120.0
1734423000,2650.2399999999993,1734423540.0
1734430920,2644.0099999999993,1734436980.0
1734431400,2643.46,1734436980.0
1734432420,2636.3599999999997,1734433320.0
1734433020,2637.7299999999996,1734433260.0
1734436140,2641.6500000000015,1734436680.0
1734440040,2643.669999999999,1734440400.0
1734440580,2644.5400000000004,1734440700.0
1734441660,2638.29,1734443400.0
1734441840,2645.0499999999997,1734458040.0
1734442140,2642.1399999999994,1734442260.0
1734442740,2646.129999999999,1734458280.0
1734443040,2639.3299999999995,1734443400.0
1734443160,2644.649999999999,1734457800.0
1734443340,2637.0,1734443520.0
1734445980,2635.259999999999,1734534540.0
1734446580,2641.0699999999993,1734448200.0
1734448260,2645.4500000000003,1734458220.0
1734448980,2642.1199999999994,1734449460.0
1734451200,2638.3099999999995,1734451560.0
1734451380,2636.7,1734534180.0
1734453420,2640.9300000000003,1734454140.0
1734454080,2643.530000000001,1734457440.0
1734454800,2637.8500000000004,1734532500.0
1734455220,2645.2900000000013,1734458220.0
1734463020,2650.96,1734484680.0
1734463200,2643.4300000000003,1734468780.0
1734463800,2647.6200000000013,1734480480.0
1734464040,2646.3199999999997,1734464700.0
1734464640,2647.41,1734480420.0
1734465240,2644.8799999999997,1734466080.0
1734467460,2643.910000000001,1734468660.0
1734467760,2647.8300000000004,1734480540.0
1734468240,2642.95,1734468780.0
1734471720,2645.8399999999997,1734471900.0
1734478680,2646.1599999999994,1734479520.0
1734479580,2652.1199999999994,
1734484080,2652.0800000000004,
1734485400,2651.8500000000004,
1734486120,2649.2200000000007,1734486540.0
1734486300,2651.960000000001,
1734486720,2651.179999999999,1734487080.0
1734487680,2647.4900000000007,1734488820.0
1734488100,2651.5299999999997,
1734488280,2649.9700000000003,
1734488520,2645.3199999999993,1734492720.0
1734491820,2649.18,1734512280.0
1734492000,2642.02,1734527280.0
1734497820,2646.22,1734498960.0
1734502260,2644.98,1734502680.0
1734505260,2648.690000000001,1734511620.0
1734506340,2649.819999999999,
1734507060,2642.2899999999995,1734508860.0
1734510060,2650.9,
1734510360,2640.459999999999,1734531480.0
1734510660,2648.61,1734511620.0
1734514800,2647.2300000000005,1734515640.0
1734514980,2646.639999999999,1734515760.0
1734515580,2645.3499999999995,1734523260.0
1734516420,2647.050000000001,1734516420.0
1734517080,2647.16,1734521340.0
1734518400,2648.8300000000004,1734519060.0
1734519480,2650.2299999999996,
1734520200,2651.0200000000004,
1734521100,2648.7900000000004,
1734521280,2646.450000000001,1734522240.0
1734521700,2646.0700000000006,1734522780.0
1734524940,2645.8600000000006,1734525720.0
1734525120,2645.750000000001,1734525780.0
1734525420,2647.5699999999997,
1734525840,2644.45,1734526200.0
1734528240,2651.810000000001,
1734528540,2644.1,1734528900.0
1734530220,2650.7299999999996,
1734530520,2640.0799999999995,1734531480.0
1734531120,2636.13,1734534240.0
1734537300,2636.54,1734537300.0
1734537780,2632.73,1734548460.0
1734538260,2640.2,
1734539880,2636.6600000000008,1734540000.0
1734540060,2632.9700000000003,1734548460.0
1734542760,2639.6199999999994,1734542940.0
1734545160,2639.53,
1734545700,2636.4400000000005,1734547260.0
1734546420,2641.7200000000003,
1734546660,2638.180000000001,1734546660.0
1734547200,2633.57,1734548460.0
1734547500,2637.12,
1734547680,2634.9600000000005,1734548460.0
1734547800,2635.5000000000005,1734547860.0
1734557220,2593.68,1734568380.0
1734557400,2585.6599999999994,1734558840.0
1734563940,2596.230000000001,1734569940.0
1734566340,2584.0899999999997,
1734566760,2592.2399999999993,1734568200.0
1734566940,2587.24,
1734567180,2591.170000000001,1734567900.0
1734567780,2590.0999999999995,1734567780.0
1734567960,2597.49,1734570300.0
1734575460,2608.8199999999997,1734575640.0
1734577080,2620.8399999999997,1734593160.0
1734577380,2613.02,1734590220.0
1734577980,2613.37,1734590220.0
1734578160,2611.92,1734578220.0
1734578880,2604.0600000000004,1734588360.0
1734579660,2610.21,1734579720.0
1734580080,2607.7000000000007,1734582660.0
1734580380,2614.8599999999997,1734592560.0
1734580800,2613.5599999999995,1734590220.0
1734580980,2608.8300000000004,1734581340.0
1734582000,2604.6899999999987,1734588240.0
1734582300,2612.120000000001,1734590160.0
1734582600,2602.54,1734614040.0
1734584400,2612.309999999999,1734590280.0
1734584700,2612.5900000000006,1734590220.0
1734585000,2608.0899999999992,1734587760.0
1734585600,2611.8799999999987,1734590160.0
1734588000,2601.3600000000006,1734614400.0
1734589920,2610.34,1734590160.0
1734590040,2610.1499999999987,1734590040.0
1734595320,2620.94,1734598980.0
1734595860,2608.9400000000005,1734612180.0
1734596760,2619.28,1734598800.0
1734597120,2618.0900000000006,1734598380.0
1734597420,2613.639999999999,1734597900.0
1734598020,2620.5600000000004,1734598920.0
1734598560,2620.8199999999997,1734598980.0
1734602280,2621.99,1734605040.0
1734602640,2611.3700000000003,1734612060.0
1734603240,2624.3400000000006,1734605340.0
1734603540,2624.369999999999,1734605340.0
1734603660,2619.2499999999995,1734604380.0
1734604140,2624.7900000000004,1734605280.0
1734604860,2622.8599999999997,1734605400.0
1734606060,2618.0099999999993,1734607920.0
1734606300,2617.2299999999996,1734608400.0
1734607080,2622.5699999999993,1734707700.0
1734607380,2617.7899999999995,1734607920.0
1734607680,2617.66,1734607920.0
1734619320,2594.6499999999996,1734619440.0
1734625440,2595.87,1734626400.0
1734628500,2584.8300000000004,
1734628620,2590.76,1734656400.0
1734628920,2590.4299999999994,1734656400.0
1734629160,2586.9300000000003,
1734630240,2594.08,1734631800.0
1734630540,2593.75,1734631260.0
1734630660,2588.0200000000013,
1734631260,2594.59,1734631860.0
1734631380,2595.11,1734631920.0
1734632940,2590.48,1734656400.0
1734633360,2598.0500000000006,1734633720.0
1734636660,2596.1100000000006,1734641460.0
1734637260,2606.030000000001,1734678840.0
1734637980,2598.0599999999986,1734638160.0
1734639480,2602.19,1734659160.0
1734640080,2596.4900000000007,1734641460.0
1734640680,2601.6699999999996,1734658740.0
1734641520,2593.0,1734643380.0
1734650100,2596.21,1734656880.0
1734650520,2593.74,1734650820.0
1734654720,2595.6700000000005,1734656880.0
1734655620,2590.4699999999993,1734656400.0
1734656820,2597.1800000000003,1734657000.0
1734660840,2597.370000000001,1734661140.0
1734661140,2595.9899999999993,1734662160.0
1734664440,2596.1300000000006,1734664740.0
1734665760,2599.440000000001,1734667500.0
1734666060,2593.2599999999993,
1734666240,2597.899999999999,1734666900.0
1734666720,2592.5699999999997,
1734666840,2596.9200000000005,1734670080.0
1734669960,2597.7900000000004,1734670020.0
1734672900,2594.1599999999994,
1734673260,2605.740000000001,1734678180.0
1734680280,2600.4800000000005,1734693540.0
1734680400,2608.4000000000005,1734701700.0
1734681120,2607.980000000001,1734701520.0
1734681240,2603.060000000001,1734692580.0
1734681900,2602.6099999999997,1734694260.0
1734682320,2608.9,1734702180.0
1734683220,2609.120000000001,1734702180.0
1734683640,2612.1999999999994,1734702540.0
1734684540,2603.29,1734687360.0
1734684720,2609.370000000001,1734702180.0
1734684900,2609.6000000000004,1734702300.0
1734685200,2603.1900000000005,1734692580.0
1734685920,2601.5999999999995,1734693180.0
1734687000,2601.2200000000003,1734693360.0
1734688260,2603.729999999999,1734692460.0
1734688740,2606.900000000001,1734701460.0
1734688920,2601.78,1734693180.0
1734689040,2605.169999999999,1734689100.0
1734689340,2606.95,1734701460.0
1734689520,2602.610000000001,1734694260.0
1734689640,2604.7699999999995,1734691440.0
1734689940,2609.4,1734702180.0
1734690960,2602.6600000000008,1734694260.0
1734691440,2604.539999999999,1734691440.0
1734691620,2605.9399999999987,1734691680.0
1734692340,2603.0100000000007,1734692580.0
1734695700,2603.72,1734695700.0
1734698760,2601.0100000000007,1734701280.0
1734699060,2606.0100000000007,1734701460.0
1734699480,2605.2300000000005,1734701400.0
1734700080,2609.0299999999993,1734702180.0
1734701280,2597.679999999999,
1734701460,2619.9499999999994,1734707160.0
1734711420,2635.96,
1734711900,2621.310000000001,1734730020.0
1734714420,2630.919999999999,1734935700.0
1734715920,2621.0899999999992,1734729960.0
1734716520,2630.6400000000003,1734935640.0
1734717300,2625.0600000000013,1734717360.0
1734718920,2627.92,1734722400.0
1734719520,2622.6399999999994,1734727980.0
1734720420,2628.87,1734723780.0
1734721740,2630.1499999999996,1734935520.0
1734725340,2624.699999999999,1734726840.0
1734908880,2619.379999999999,1734914280.0
1734909300,2624.6199999999994,1734912180.0
1734911460,2620.2300000000005,1734914040.0
1734911580,2626.04,1734921900.0
1734913440,2621.029999999999,1734914100.0
1734917340,2622.120000000001,1734918480.0
1734917520,2619.24,1734917700.0
1734918540,2624.2599999999993,1734919920.0
1734918660,2619.769999999999,1734950940.0
1734919140,2626.3399999999997,1734921900.0
1734923040,2623.4999999999995,1734924300.0
1734924660,2620.22,1734950880.0
1734927180,2628.16,1734932040.0
1734930780,2623.4000000000015,1734949080.0
1734931020,2626.72,1734931320.0
1734934020,2623.0699999999993,1734949200.0
1734934680,2629.0499999999993,1734935400.0
1734938820,2629.7499999999995,1734940560.0
1734938940,2631.330000000001,1734939060.0
1734939540,2630.649999999999,1734940020.0
1734939720,2632.37,
1734939960,2634.0400000000004,
1734940200,2631.42,1734943080.0
1734940800,2627.650000000001,1734940980.0
1734943020,2635.68,
1734945060,2630.7899999999986,
1734945660,2627.609999999999,1734946740.0
1734947040,2626.1200000000003,1734947880.0
1734955980,2621.3999999999996,1735173360.0
1734957780,2613.9399999999987,1734966180.0
1734958080,2612.06,1734966360.0
1734959580,2617.2200000000003,1734959700.0
1734960000,2614.64,1734960300.0
1734960300,2612.720000000001,1734966900.0
1734960480,2616.7499999999995,1734960900.0
1734961140,2622.640000000001,1735174980.0
1734962880,2619.51,1734963000.0
1734964380,2619.3499999999995,1735007820.0
1734964500,2615.959999999999,1734965160.0
1734972120,2616.629999999999,1735001760.0
1734975120,2611.7000000000003,1734976080.0
1734979560,2609.670000000001,1734982980.0
1734979740,2613.8900000000012,1734994860.0
1734980040,2607.6399999999994,
1734980940,2614.6800000000003,1734996360.0
1734981060,2609.370000000001,1734986880.0
1734981240,2613.34,1734994920.0
1734981960,2610.1599999999994,1734982200.0
1734982440,2612.77,1734989580.0
1734982560,2609.01,
1734983040,2614.0200000000004,1734994860.0
1734983340,2606.539999999999,
1734983640,2614.52,1734994860.0
1734984060,2613.6599999999994,1734994860.0
1734984840,2611.840000000001,1734989220.0
1734985560,2611.610000000001,1734989160.0
1734987060,2606.590000000001,
1734989280,2615.3399999999997,1734996540.0
1734999540,2613.249999999999,1735000740.0
1735000320,2615.9499999999994,1735001760.0
1735000440,2613.799999999999,1735000740.0
1735000620,2614.069999999999,1735000620.0
1735001940,2620.020000000001,1735015800.0
1735005120,2615.179999999999,1735031880.0
1735005420,2618.0399999999995,1735005660.0
1735008840,2615.6500000000015,1735009260.0
1735011540,2618.310000000001,1735012800.0
1735011660,2618.4400000000005,1735012800.0
1735011840,2617.9699999999993,1735013220.0
1735011960,2616.7600000000007,1735011960.0
1735012440,2618.4300000000007,1735012800.0
1735018500,2617.5399999999995,1735020780.0
1735018980,2622.14,1735173720.0
1735019460,2618.5299999999997,1735019820.0
1735023180,2621.6500000000005,1735173420.0
1735026480,2621.460000000001,1735173420.0
1735026900,2616.4100000000003,1735031520.0
1735030200,2615.629999999999,1735031760.0
1735034820,2617.2400000000007,1735035360.0
1735038060,2614.4300000000007,1735038300.0
1735039440,2612.9999999999995,1735039680.0
1735041120,2615.58,1735041300.0
1735041720,2612.9900000000007,1735043940.0
1735042440,2618.180000000001,1735061040.0
1735043640,2613.1799999999994,1735043940.0
1735043940,2611.120000000001,1735051800.0
1735044060,2620.5,1735173300.0
1735044360,2612.040000000001,1735047120.0
1735044660,2613.18,1735044900.0
1735046460,2610.6400000000003,1735052100.0
1735047360,2607.709999999999,
1735048560,2615.3399999999992,1735050300.0
1735048740,2615.3900000000003,1735050300.0
1735049460,2615.129999999999,1735050300.0
1735051260,2616.7100000000005,1735057920.0
1735051560,2610.929999999999,1735051920.0
1735054200,2613.12,1735056720.0
1735054500,2610.460000000001,1735055100.0
1735054680,2613.830000000001,1735056960.0
1735054980,2609.08,
1735055280,2613.0899999999997,1735056720.0
1735055760,2611.36,1735055940.0
1735055940,2611.12,1735055940.0
1735056180,2615.7400000000007,1735057620.0
1735056480,2613.480000000001,1735056840.0
1735061820,2618.85,1735169160.0
1735062480,2616.1800000000003,1735062480.0
1735062600,2617.3399999999997,1735063260.0
1735062900,2617.69,1735168500.0
1735063500,2614.52,1735167960.0
1735065720,2615.4900000000007,1735065720.0
1735065840,2616.249999999999,1735065840.0
1735167720,2608.94,
1735168440,2619.359999999999,1735169100.0
1735172520,2620.5800000000004,1735173360.0
1735180020,2626.1000000000013,1735180020.0
1735180500,2626.36,1735180500.0
1735180620,2626.9100000000003,1735180620.0
1735180920,2625.2199999999993,1735189560.0
1735181820,2629.109999999999,1735211160.0
1735183440,2625.240000000001,1735189560.0
1735184040,2627.7199999999993,1735184280.0
1735184940,2625.979999999999,1735185120.0
1735186740,2626.8599999999997,1735186860.0
1735187460,2625.31,1735189560.0
1735188060,2629.73,1735218180.0
1735189980,2624.66,1735192920.0
1735190580,2627.3499999999995,1735191420.0
1735190760,2621.16,
1735192260,2629.6999999999994,1735218180.0
1735192680,2627.5699999999997,1735196820.0
1735192980,2621.460000000001,
1735193880,2624.649999999999,1735195800.0
1735194000,2627.799999999999,1735196820.0
1735194180,2625.31,1735194780.0
1735194780,2623.4,1735198140.0
1735195980,2625.6599999999994,1735196220.0
1735196880,2631.79,
1735197660,2621.2600000000007,
1735200180,2630.3499999999995,1735218660.0
1735200300,2625.1099999999997,1735215360.0
1735200480,2628.9799999999996,1735209960.0
1735203420,2626.6099999999988,1735203780.0
1735205100,2627.8100000000004,1735206540.0
1735205700,2628.899999999999,1735209480.0
1735206000,2628.180000000001,1735208160.0
1735206600,2630.41,
1735207200,2626.499999999999,1735207500.0
1735208040,2630.9600000000005,
1735209120,2628.3600000000006,1735209360.0
1735213020,2627.89,1735213320.0
1735217820,2622.9900000000007,1735220820.0
1735218360,2634.8599999999997,
1735219440,2628.800000000001,
1735220340,2623.459999999999,1735220760.0
