start,end,high_risk,low_risk,high_reward,low_reward,direction
1732586520,1732586550.0,2628.61,2627.01,2627.01,2622.2100000000005,Short
1732587120,1732587720.0,2628.47,2628.12,2629.5199999999995,2628.47,Long
1732588020,1732588140.0,2629.82,2628.82,2628.82,2625.82,Short
1732588620,1732588800.0,2628.85,2628.02,2631.3399999999997,2628.85,Long
1732588920,1732588950.0,2629.07,2627.84,2627.84,2624.15,Short
1732589040,1732589070.0,2626.99,2626.19,2626.19,2623.790000000001,Short
1732589220,1732591860.0,2627.09,2625.44,2625.44,2620.49,Short
1732592040,1732594560.0,2628.76,2627.1,2633.740000000001,2628.76,Long
1732594680,1732594860.0,2628.79,2628.59,2629.3899999999994,2628.79,Long
1732595040,1732595100.0,2628.94,2628.58,2630.0200000000004,2628.94,Long
1732595640,1732600620.0,2627.21,2625.9,2625.9,2621.9700000000003,Short
1732601100,1732601760.0,2624.18,2623.12,2627.3599999999997,2624.18,Long
1732601880,1732603500.0,2624.57,2623.84,2626.76,2624.57,Long
1732603560,1732605180.0,2622.18,2621.86,2621.86,2620.900000000001,Short
1732605900,1732609080.0,2619.87,2619.52,2619.52,2618.4700000000003,Short
1732609200,1732609740.0,2616.65,2616.25,2617.8500000000004,2616.65,Long
1732609800,1732609830.0,2615.4,2613.86,2613.86,2609.2400000000002,Short
1732609920,1732611360.0,2614.54,2614.06,2615.98,2614.54,Long
1732611420,1732612020.0,2616.54,2615.16,2615.16,2611.0199999999995,Short
1732612320,1732619220.0,2619.49,2615.81,2630.5299999999993,2619.49,Long
1732619640,1732619670.0,2628.48,2627.7,2627.7,2625.359999999999,Short
1732619820,1732620000.0,2630.25,2629.91,2631.2700000000004,2630.25,Long
1732620120,1732620240.0,2629.81,2629.64,2630.32,2629.81,Long
1732621020,1732621560.0,2631.94,2631.22,2634.100000000001,2631.94,Long
1732621740,1732621770.0,2631.72,2631.11,2633.549999999999,2631.72,Long
1732621860,1732621890.0,2631.53,2631.1,2631.1,2629.809999999999,Short
1732622040,1732623720.0,2632.25,2631.73,2633.81,2632.25,Long
1732623840,1732624080.0,2631.65,2631.03,2631.03,2629.1700000000005,Short
1732624140,1732624170.0,2630.98,2629.63,2635.0299999999997,2630.98,Long
1732624740,1732624860.0,2632.66,2632.41,2633.41,2632.66,Long
1732625340,1732626000.0,2631.74,2631.22,2631.22,2629.66,Short
1732626360,1732627740.0,2638.63,2634.71,2650.3900000000003,2638.63,Long
1732627980,1732628100.0,2633.4,2631.51,2639.0699999999997,2633.4,Long
1732628460,1732628760.0,2632.21,2631.59,2634.0699999999997,2632.21,Long
1732629180,1732630740.0,2627.71,2624.52,2624.52,2614.95,Short
1732630980,1732631040.0,2633.05,2631.28,2638.36,2633.05,Long
1732631160,1732631190.0,2633.25,2632.26,2636.2199999999993,2633.25,Long
1732631280,1732634460.0,2632.18,2630.33,2630.33,2624.78,Short
1732634580,1732638300.0,2625.77,2625.09,2627.8099999999995,2625.77,Long
1732638480,1732639140.0,2629.6,2627.78,2627.78,2622.320000000001,Short
1732639800,1732639860.0,2629.54,2628.96,2631.2799999999997,2629.54,Long
1732640100,1732640340.0,2630.4,2629.15,2634.15,2630.4,Long
1732640400,1732641420.0,2629.22,2628.71,2628.71,2627.1800000000007,Short
1732641480,1732641510.0,2627.32,2626.55,2629.63,2627.32,Long
1732641900,1732643820.0,2626.16,2624.99,2624.99,2621.4799999999996,Short
1732644000,1732647060.0,2626.33,2625.22,2625.22,2621.8899999999994,Short
1732647900,1732657500.0,2626.11,2625.01,2629.41,2626.11,Long
1732657740,1732658400.0,2632.14,2631.68,2633.52,2632.14,Long
1732662420,1732663800.0,2631.42,2629.9,2629.9,2625.34,Short
1732663980,1732664340.0,2632.88,2631.38,2637.38,2632.88,Long
1732664580,1732664610.0,2631.88,2630.5,2630.5,2626.3599999999997,Short
1732665240,1732666260.0,2632.01,2631.6,2633.240000000001,2632.01,Long
1732666620,1732670400.0,2631.36,2630.45,2630.45,2627.719999999999,Short
1732670520,1732677240.0,2630.62,2629.0,2635.4799999999996,2630.62,Long
1732677300,1732677840.0,2636.55,2636.06,2636.06,2634.5899999999992,Short
1732677900,1732678200.0,2636.97,2636.39,2638.7099999999996,2636.97,Long
1732678320,1732678740.0,2639.18,2638.62,2638.62,2636.94,Short
1732679520,1732679700.0,2638.27,2637.87,2637.87,2636.6699999999996,Short
1732679820,1732680360.0,2638.31,2638.04,2639.12,2638.31,Long
1732680540,1732680900.0,2637.16,2635.8,2641.239999999999,2637.16,Long
1732681140,1732681320.0,2637.69,2636.5,2636.5,2632.93,Short
1732681680,1732684380.0,2638.64,2638.64,2638.64,2638.64,Long
1732684440,1732684980.0,2638.81,2638.64,2638.64,2638.1299999999997,Short
1732685160,1732685220.0,2639.97,2639.62,2639.62,2638.57,Short
1732685820,1732687740.0,2643.69,2642.29,2647.8900000000003,2643.69,Long
1732687860,1732687890.0,2640.44,2639.03,2644.6699999999996,2640.44,Long
1732688160,1732688340.0,2641.69,2640.03,2646.6699999999996,2641.69,Long
1732688580,1732688610.0,2641.17,2640.88,2640.88,2640.01,Short
1732688760,1732689060.0,2644.04,2641.32,2652.1999999999994,2644.04,Long
1732689180,1732689900.0,2644.0,2643.52,2643.52,2642.08,Short
1732690080,1732693680.0,2643.41,2643.01,2644.6099999999988,2643.41,Long
1732694160,1732694460.0,2646.92,2646.04,2646.04,2643.3999999999996,Short
1732694580,1732694610.0,2647.56,2646.23,2646.23,2642.2400000000002,Short
1732694760,1732695180.0,2647.43,2646.87,2649.1099999999997,2647.43,Long
1732695360,1732695480.0,2646.37,2646.12,2646.12,2645.37,Short
1732695780,1732696080.0,2648.39,2646.8,2646.8,2642.030000000001,Short
1732696560,1732696590.0,2648.01,2647.89,2648.3700000000013,2648.01,Long
1732696800,1732696830.0,2646.61,2645.37,2645.37,2641.649999999999,Short
1732696920,1732700520.0,2648.01,2648.01,2648.01,2648.01,Long
1732700700,1732702020.0,2649.31,2649.13,2649.13,2648.5900000000006,Short
1732702620,1732702800.0,2648.81,2648.8,2648.8,2648.770000000001,Short
1732702860,1732702890.0,2648.66,2648.66,2648.66,2648.66,Long
1732703400,1732703580.0,2648.1,2647.89,2647.89,2647.2599999999998,Short
1732703880,1732703910.0,2649.65,2649.34,2650.58,2649.65,Long
1732704000,1732704420.0,2649.33,2648.53,2648.53,2646.130000000001,Short
1732704780,1732704810.0,2648.45,2647.0,2647.0,2642.6500000000005,Short
1732704900,1732704930.0,2649.17,2648.36,2651.6,2649.17,Long
1732705020,1732705200.0,2649.01,2648.3,2648.3,2646.17,Short
1732705320,1732705500.0,2648.78,2648.13,2650.7300000000005,2648.78,Long
1732705620,1732706340.0,2648.6,2646.84,2646.84,2641.560000000001,Short
1732706520,1732707120.0,2648.24,2647.13,2647.13,2643.800000000001,Short
1732707300,1732712100.0,2648.71,2647.11,2653.5099999999998,2648.71,Long
1732712220,1732714800.0,2650.96,2650.57,2650.57,2649.4000000000005,Short
1732715040,1732717200.0,2652.79,2651.44,2656.8399999999997,2652.79,Long
1732717440,1732717680.0,2650.98,2650.61,2650.61,2649.5000000000005,Short
1732717800,1732717830.0,2651.78,2649.9,2649.9,2644.2599999999998,Short
1732718340,1732719480.0,2653.54,2652.58,2652.58,2649.7,Short
1732719540,1732719570.0,2652.19,2651.0,2655.76,2652.19,Long
1732719840,1732722600.0,2647.29,2643.23,2643.23,2631.05,Short
1732723140,1732723260.0,2644.0,2643.62,2643.62,2642.4799999999996,Short
1732723560,1732723740.0,2641.68,2641.29,2642.8499999999995,2641.68,Long
1732723860,1732724040.0,2640.95,2640.68,2640.68,2639.87,Short
1732724160,1732724340.0,2641.64,2640.93,2640.93,2638.7999999999997,Short
1732724760,1732724790.0,2641.25,2639.3,2647.0999999999995,2641.25,Long
1732725060,1732725180.0,2640.86,2639.48,2639.48,2635.3399999999997,Short
1732725240,1732725360.0,2639.3,2638.0,2643.2000000000007,2639.3,Long
1732725660,1732726140.0,2642.83,2641.49,2641.49,2637.4699999999993,Short
1732726380,1732727460.0,2642.03,2640.25,2640.25,2634.9099999999994,Short
1732727580,1732727610.0,2641.31,2639.04,2648.12,2641.31,Long
1732728060,1732728300.0,2642.61,2641.58,2645.7000000000007,2642.61,Long
1732728660,1732729800.0,2640.52,2639.82,2639.82,2637.7200000000007,Short
1732730160,1732731720.0,2637.66,2637.27,2637.27,2636.1000000000004,Short
1732732080,1732732200.0,2640.59,2639.62,2643.500000000001,2640.59,Long
1732732380,1732733400.0,2639.09,2638.86,2639.78,2639.09,Long
1732734000,1732734480.0,2638.87,2638.11,2641.149999999999,2638.87,Long
1732734900,1732738200.0,2638.88,2637.6,2637.6,2633.7599999999993,Short
1732738500,1732741020.0,2638.44,2637.73,2640.57,2638.44,Long
1732741200,1732744320.0,2637.35,2636.95,2636.95,2635.7499999999995,Short
1732744380,1732744410.0,2635.6,2635.6,2635.6,2635.6,Long
1732744800,1732748580.0,2635.83,2635.34,2635.34,2633.870000000001,Short
1732748820,1732749240.0,2637.68,2636.1,2642.4199999999996,2637.68,Long
1732749360,1732749390.0,2636.81,2636.69,2636.69,2636.3300000000004,Short
1732749540,1732751580.0,2636.64,2636.59,2636.789999999999,2636.64,Long
1732751760,1732752060.0,2637.11,2637.03,2637.03,2636.7900000000004,Short
1732752240,1732752270.0,2637.06,2636.8,2636.8,2636.020000000001,Short
1732752540,1732752780.0,2636.84,2636.71,2636.71,2636.3199999999997,Short
1732752840,1732752870.0,2636.36,2636.24,2636.720000000001,2636.36,Long
1732753080,1732753110.0,2636.94,2636.37,2638.6500000000005,2636.94,Long
1732753440,1732753680.0,2636.01,2635.48,2635.48,2633.8899999999994,Short
1732753860,1732754460.0,2637.44,2636.11,2641.43,2637.44,Long
1732754580,1732754610.0,2637.57,2636.47,2636.47,2633.1699999999987,Short
1732754760,1732755060.0,2637.37,2636.9,2638.7799999999993,2637.37,Long
1732755180,1732759020.0,2636.88,2636.22,2636.22,2634.239999999999,Short
1732759080,1732762080.0,2627.68,2626.31,2631.7899999999995,2627.68,Long
1732762140,1732762170.0,2627.9,2627.9,2627.9,2627.9,Long
1732762380,1732762500.0,2627.71,2627.18,2627.18,2625.5899999999992,Short
1732762680,1732763820.0,2628.08,2627.77,2627.77,2626.84,Short
1732763880,1732770420.0,2627.65,2627.34,2628.58,2627.65,Long
1732770480,1732771740.0,2631.16,2629.7,2629.7,2625.3199999999997,Short
1732772040,1732772340.0,2633.56,2631.08,2641.0,2633.56,Long
1732772400,1732772430.0,2632.39,2632.3,2632.3,2632.030000000001,Short
1732772580,1732773900.0,2632.07,2631.38,2634.1400000000003,2632.07,Long
1732774140,1732774260.0,2632.56,2632.1,2632.1,2630.72,Short
1732774320,1732779240.0,2632.95,2632.41,2634.5699999999997,2632.95,Long
1732779420,1732779480.0,2637.91,2637.41,2637.41,2635.91,Short
1732779720,1732779780.0,2637.64,2637.04,2639.4399999999996,2637.64,Long
1732779840,1732779870.0,2637.15,2636.96,2636.96,2636.39,Short
1732780140,1732780170.0,2636.02,2635.53,2635.53,2634.060000000001,Short
1732780320,1732780860.0,2637.23,2636.72,2638.7600000000007,2637.23,Long
1732781160,1732782060.0,2636.6,2636.48,2636.48,2636.1200000000003,Short
1732782240,1732782300.0,2637.83,2637.54,2637.54,2636.67,Short
1732782360,1732788780.0,2637.73,2637.49,2638.4500000000007,2637.73,Long
1732788960,1732788990.0,2646.25,2645.37,2648.8900000000003,2646.25,Long
1732789080,1732789200.0,2646.28,2645.68,2645.68,2643.8799999999987,Short
1732789260,1732789380.0,2645.35,2645.17,2645.8899999999994,2645.35,Long
1732789560,1732789920.0,2645.77,2645.26,2645.26,2643.730000000001,Short
1732789980,1732792920.0,2646.07,2645.14,2648.860000000001,2646.07,Long
1732793460,1732796400.0,2646.97,2646.49,2646.49,2645.0499999999997,Short
1732796700,1732796940.0,2646.16,2643.8,2643.8,2636.720000000001,Short
1732797000,1732797060.0,2645.48,2644.79,2647.55,2645.48,Long
1732797180,1732797240.0,2646.27,2644.9,2644.9,2640.7900000000004,Short
1732797300,1732797540.0,2646.07,2645.93,2646.490000000001,2646.07,Long
1732797600,1732798260.0,2646.94,2646.55,2646.55,2645.3800000000006,Short
1732798380,1732798740.0,2645.85,2645.43,2647.11,2645.85,Long
1732799400,1732799580.0,2643.65,2643.24,2643.24,2642.009999999999,Short
1732799820,1732800000.0,2645.15,2644.7,2646.500000000001,2645.15,Long
1732800120,1732800900.0,2646.19,2645.41,2645.41,2643.0699999999993,Short
1732801200,1732801230.0,2646.02,2645.56,2645.56,2644.18,Short
1732801740,1732803240.0,2647.28,2646.97,2648.2100000000014,2647.28,Long
1732803420,1732803450.0,2646.3,2645.84,2645.84,2644.46,Short
1732804260,1732804290.0,2646.68,2645.3,2650.819999999999,2646.68,Long
1732804500,1732810140.0,2646.1,2645.63,2645.63,2644.2200000000007,Short
1732810320,1732814100.0,2640.44,2640.14,2641.3400000000006,2640.44,Long
1732814340,1732814370.0,2641.25,2641.19,2641.19,2641.01,Short
1732814460,1732815660.0,2641.26,2641.03,2641.03,2640.34,Short
1732815780,1732815960.0,2641.15,2641.07,2641.39,2641.15,Long
1732816140,1732816170.0,2641.5,2641.3,2641.3,2640.7000000000007,Short
1732816260,1732817760.0,2641.76,2641.36,2641.36,2640.16,Short
1732817820,1732817880.0,2640.43,2640.43,2640.43,2640.43,Long
1732817940,1732817970.0,2640.42,2640.33,2640.33,2640.0599999999995,Short
1732818240,1732818300.0,2640.81,2640.61,2641.4099999999994,2640.81,Long
1732818360,1732818660.0,2640.81,2640.71,2640.71,2640.4100000000003,Short
1732818960,1732819560.0,2641.26,2641.08,2641.08,2640.539999999999,Short
1732819740,1732819800.0,2640.71,2640.51,2640.51,2639.9100000000008,Short
1732819980,1732820010.0,2640.49,2639.66,2642.9799999999996,2640.49,Long
1732820160,1732836060.0,2639.67,2639.48,2639.48,2638.91,Short
1732836120,1732836150.0,2638.77,2638.7,2638.9800000000005,2638.77,Long
1732836300,1732837200.0,2638.89,2637.6,2637.6,2633.73,Short
1732837320,1732837800.0,2637.73,2637.47,2638.5100000000007,2637.73,Long
1732838040,1732838070.0,2638.44,2637.1,2637.1,2633.0799999999995,Short
1732838160,1732838190.0,2638.8,2637.4,2643.0000000000005,2638.8,Long
1732838340,1732838370.0,2638.79,2638.65,2638.65,2638.2300000000005,Short
1732838640,1732840140.0,2638.1,2637.64,2637.64,2636.2599999999998,Short
1732840320,1732840380.0,2638.35,2637.62,2637.62,2635.43,Short
1732840620,1732840920.0,2638.87,2638.44,2640.1599999999994,2638.87,Long
1732841220,1732842240.0,2638.11,2637.41,2637.41,2635.309999999999,Short
1732842540,1732849620.0,2638.73,2636.81,2644.4900000000002,2638.73,Long
1732849860,1732850400.0,2656.84,2655.26,2655.26,2650.5200000000004,Short
1732850460,1732850580.0,2659.71,2658.07,2664.6299999999997,2659.71,Long
1732850640,1732850880.0,2659.69,2659.4,2659.4,2658.53,Short
1732850940,1732851000.0,2658.78,2657.86,2661.5400000000004,2658.78,Long
1732851240,1732851270.0,2657.28,2657.2,2657.5200000000013,2657.28,Long
1732851420,1732851600.0,2657.41,2656.2,2656.2,2652.5699999999997,Short
1732851840,1732852260.0,2658.29,2657.49,2660.6900000000005,2658.29,Long
1732852560,1732853400.0,2658.32,2657.71,2660.1500000000005,2658.32,Long
1732853460,1732853520.0,2659.98,2659.47,2659.47,2657.939999999999,Short
1732853760,1732854840.0,2660.03,2659.97,2660.2100000000014,2660.03,Long
1732854960,1732855860.0,2658.75,2658.27,2660.19,2658.75,Long
1732856160,1732856280.0,2660.06,2659.63,2661.3499999999995,2660.06,Long
1732856400,1732856430.0,2659.8,2659.55,2659.55,2658.8,Short
1732856700,1732856760.0,2659.79,2659.66,2659.66,2659.2699999999995,Short
1732857060,1732861080.0,2660.89,2660.78,2661.219999999999,2660.89,Long
1732861200,1732861230.0,2663.68,2662.24,2668.0,2663.68,Long
1732861500,1732861530.0,2662.42,2661.62,2661.62,2659.2199999999993,Short
1732861980,1732863360.0,2664.4,2663.67,2666.59,2664.4,Long
1732863600,1732863720.0,2665.28,2664.86,2666.5400000000004,2665.28,Long
1732863900,1732867200.0,2664.31,2663.95,2663.95,2662.8699999999994,Short
1732867320,1732867350.0,2662.11,2660.86,2665.86,2662.11,Long
1732867500,1732870980.0,2661.84,2661.54,2661.54,2660.6399999999994,Short
1732871220,1732871880.0,2658.72,2657.14,2663.4599999999996,2658.72,Long
1732872120,1732876680.0,2660.51,2658.51,2666.51,2660.51,Long
1732876920,1732876950.0,2662.71,2662.13,2664.45,2662.71,Long
1732877220,1732878540.0,2662.11,2661.95,2661.95,2661.469999999999,Short
1732878840,1732879140.0,2663.98,2661.9,2670.22,2663.98,Long
1732879860,1732879890.0,2662.13,2661.77,2663.2100000000005,2662.13,Long
1732880040,1732880520.0,2662.95,2661.74,2666.58,2662.95,Long
1732880640,1732880670.0,2662.07,2661.96,2662.4000000000005,2662.07,Long
1732880940,1732882980.0,2663.19,2662.63,2662.63,2660.9500000000003,Short
1732883340,1732883400.0,2663.6,2663.02,2663.02,2661.28,Short
1732883760,1732884480.0,2662.24,2661.66,2661.66,2659.92,Short
1732884660,1732885200.0,2659.87,2659.45,2659.45,2658.1899999999996,Short
1732885260,1732885320.0,2659.87,2658.63,2663.5899999999992,2659.87,Long
1732885440,1732885470.0,2660.82,2658.98,2658.98,2653.4599999999996,Short
1732885560,1732885590.0,2661.03,2660.84,2660.84,2660.27,Short
1732885680,1732885800.0,2661.6,2660.48,2660.48,2657.1200000000003,Short
1732886160,1732886700.0,2660.3,2659.0,2659.0,2655.0999999999995,Short
1732887060,1732887300.0,2662.51,2661.67,2665.0300000000007,2662.51,Long
1732887600,1732887660.0,2658.88,2658.28,2658.28,2656.4800000000005,Short
1732888260,1732888920.0,2658.6,2658.04,2658.04,2656.36,Short
1732889160,1732889460.0,2660.82,2658.81,2666.850000000001,2660.82,Long
1732889760,1732890840.0,2660.3,2659.21,2659.21,2655.9399999999996,Short
1732891380,1732894440.0,2658.97,2656.81,2656.81,2650.3300000000004,Short
1732894500,1732894560.0,2654.29,2652.37,2660.05,2654.29,Long
1732894800,1732894980.0,2655.3,2653.93,2653.93,2649.819999999999,Short
1732895400,1732899000.0,2654.94,2654.51,2656.2299999999996,2654.94,Long
1732899240,1732900140.0,2661.14,2660.37,2663.45,2661.14,Long
1732900320,1732901940.0,2659.39,2657.7,2657.7,2652.6299999999997,Short
1732902120,1732902780.0,2661.02,2660.57,2660.57,2659.2200000000007,Short
1732902840,1732903560.0,2659.92,2659.11,2662.35,2659.92,Long
1732903920,1732904760.0,2659.31,2658.9,2660.5399999999995,2659.31,Long
1732905360,1733098920.0,2653.69,2652.26,2652.26,2647.9700000000007,Short
1733099340,1733103840.0,2644.42,2643.78,2643.78,2641.8600000000006,Short
1733104200,1733105100.0,2637.24,2635.9,2641.259999999999,2637.24,Long
1733105340,1733105940.0,2635.04,2634.14,2637.7400000000002,2635.04,Long
1733106540,1733111160.0,2630.02,2629.72,2629.72,2628.8199999999993,Short
1733111280,1733112600.0,2628.23,2626.93,2632.1300000000006,2628.23,Long
1733112780,1733113080.0,2628.41,2628.3,2628.739999999999,2628.41,Long
1733113200,1733113230.0,2628.15,2627.49,2627.49,2625.509999999999,Short
1733113500,1733114280.0,2627.76,2627.74,2627.8200000000015,2627.76,Long
1733114400,1733115480.0,2629.55,2628.4,2628.4,2624.95,Short
1733115600,1733118600.0,2628.28,2627.81,2627.81,2626.399999999999,Short
1733118720,1733118840.0,2627.65,2627.47,2628.190000000001,2627.65,Long
1733119020,1733119680.0,2627.53,2625.5,2625.5,2619.4099999999994,Short
1733119980,1733120220.0,2624.3,2623.04,2628.080000000001,2624.3,Long
1733120520,1733120550.0,2624.08,2623.01,2627.289999999999,2624.08,Long
1733121120,1733121900.0,2624.76,2623.71,2623.71,2620.5599999999995,Short
1733122200,1733126400.0,2626.38,2625.89,2627.850000000001,2626.38,Long
1733126520,1733126760.0,2629.58,2629.23,2629.23,2628.1800000000003,Short
1733126820,1733126880.0,2629.01,2627.6,2633.240000000001,2629.01,Long
1733126940,1733126970.0,2629.75,2627.41,2627.41,2620.3899999999994,Short
1733127120,1733127300.0,2631.51,2628.96,2639.1600000000008,2631.51,Long
1733127420,1733127660.0,2630.49,2630.11,2630.11,2628.970000000001,Short
1733127720,1733127840.0,2631.39,2629.6,2636.7599999999998,2631.39,Long
1733127900,1733127960.0,2632.31,2631.68,2631.68,2629.7899999999995,Short
1733128620,1733129040.0,2628.87,2627.7,2627.7,2624.1899999999996,Short
1733129460,1733129940.0,2631.35,2630.48,2633.9599999999996,2631.35,Long
1733130840,1733134080.0,2633.98,2632.33,2638.9300000000003,2633.98,Long
1733134140,1733134260.0,2636.11,2635.35,2635.35,2633.0699999999993,Short
1733134320,1733134560.0,2636.81,2635.68,2640.2000000000003,2636.81,Long
1733134740,1733135040.0,2635.93,2635.32,2635.32,2633.490000000001,Short
1733135400,1733136720.0,2637.58,2636.36,2641.2399999999993,2637.58,Long
1733136960,1733137080.0,2635.3,2634.98,2634.98,2634.0199999999995,Short
1733137260,1733141040.0,2636.77,2635.63,2640.1899999999996,2636.77,Long
1733141280,1733141310.0,2641.04,2639.9,2639.9,2636.4800000000005,Short
1733141760,1733142240.0,2643.18,2642.75,2644.4699999999993,2643.18,Long
1733142300,1733143800.0,2643.61,2643.1,2643.1,2641.5699999999993,Short
1733143980,1733144280.0,2641.31,2640.32,2644.2799999999993,2641.31,Long
1733144580,1733145600.0,2639.02,2637.22,2637.22,2631.8199999999993,Short
1733145660,1733149860.0,2643.37,2641.54,2648.8599999999997,2643.37,Long
1733149920,1733149950.0,2647.91,2645.57,2645.57,2638.550000000001,Short
1733150100,1733150130.0,2648.75,2646.29,2646.29,2638.91,Short
1733150400,1733150460.0,2646.12,2645.55,2647.829999999999,2646.12,Long
1733150580,1733150610.0,2646.44,2645.43,2649.4700000000007,2646.44,Long
1733151180,1733151240.0,2645.34,2643.69,2643.69,2638.74,Short
1733151480,1733151900.0,2645.99,2645.55,2645.55,2644.2300000000014,Short
1733152200,1733152740.0,2647.78,2645.09,2645.09,2637.02,Short
1733153100,1733153160.0,2648.88,2647.4,2647.4,2642.96,Short
1733153280,1733153310.0,2646.91,2645.74,2645.74,2642.2299999999996,Short
1733153580,1733153760.0,2643.51,2642.96,2642.96,2641.3099999999995,Short
1733154000,1733156340.0,2645.06,2644.73,2644.73,2643.7400000000002,Short
1733156520,1733156580.0,2643.87,2640.5,2653.9799999999996,2643.87,Long
1733156820,1733157600.0,2643.48,2642.66,2642.66,2640.1999999999994,Short
1733157840,1733158140.0,2641.2,2640.49,2640.49,2638.3599999999997,Short
1733158620,1733158860.0,2641.98,2640.96,2645.04,2641.98,Long
1733159100,1733160360.0,2639.83,2639.28,2639.28,2637.630000000001,Short
1733160540,1733162040.0,2639.68,2639.32,2639.32,2638.240000000001,Short
1733162520,1733165640.0,2638.62,2637.91,2637.91,2635.7799999999997,Short
1733165820,1733169540.0,2637.13,2636.83,2638.0300000000007,2637.13,Long
1733169660,1733170440.0,2637.46,2636.6,2636.6,2634.0199999999995,Short
1733170560,1733173440.0,2639.52,2635.76,2650.7999999999993,2639.52,Long
1733173560,1733175840.0,2638.03,2637.79,2637.79,2637.0699999999993,Short
1733175960,1733180220.0,2638.63,2638.22,2639.860000000001,2638.63,Long
1733180460,1733184600.0,2638.69,2638.69,2638.69,2638.69,Long
1733185140,1733186640.0,2642.73,2642.09,2644.6499999999996,2642.73,Long
1733187060,1733187600.0,2642.48,2642.24,2642.24,2641.519999999999,Short
1733187720,1733187780.0,2641.85,2640.8,2644.999999999999,2641.85,Long
1733187900,1733188200.0,2642.91,2642.13,2645.249999999999,2642.91,Long
1733188440,1733188800.0,2644.11,2643.4,2646.2400000000002,2644.11,Long
1733189400,1733193540.0,2639.89,2637.89,2637.89,2631.89,Short
1733193720,1733194560.0,2636.49,2634.7,2641.8599999999997,2636.49,Long
1733194740,1733194770.0,2637.4,2636.59,2639.83,2637.4,Long
1733194920,1733194980.0,2637.62,2636.71,2640.3499999999995,2637.62,Long
1733195160,1733195220.0,2637.64,2636.59,2636.59,2633.440000000001,Short
1733195340,1733200500.0,2637.34,2636.71,2639.2300000000005,2637.34,Long
1733200860,1733200890.0,2639.5,2639.44,2639.68,2639.5,Long
1733201040,1733203740.0,2639.72,2639.62,2639.62,2639.32,Short
1733203860,1733204280.0,2639.81,2639.16,2639.16,2637.2099999999996,Short
1733204340,1733204580.0,2639.17,2638.09,2642.41,2639.17,Long
1733204760,1733204790.0,2639.79,2639.15,2639.15,2637.2300000000005,Short
1733204880,1733209560.0,2640.2,2639.03,2643.7099999999987,2640.2,Long
1733209680,1733216040.0,2646.65,2646.37,2646.37,2645.5299999999993,Short
1733216820,1733219340.0,2646.59,2646.03,2648.27,2646.59,Long
1733220000,1733222940.0,2645.14,2644.01,2644.01,2640.6200000000013,Short
1733223120,1733223240.0,2644.59,2644.59,2644.59,2644.59,Long
1733223300,1733224620.0,2644.5,2643.96,2643.96,2642.34,Short
1733224740,1733225700.0,2644.65,2643.66,2647.620000000001,2644.65,Long
1733225820,1733225940.0,2644.17,2643.62,2645.8200000000006,2644.17,Long
1733226420,1733226720.0,2644.33,2643.57,2646.609999999999,2644.33,Long
1733227020,1733227140.0,2644.3,2643.67,2646.1900000000005,2644.3,Long
1733227440,1733231220.0,2643.63,2643.29,2643.29,2642.2699999999995,Short
1733231640,1733236680.0,2643.08,2642.12,2645.96,2643.08,Long
1733237100,1733241120.0,2651.49,2650.21,2650.21,2646.370000000001,Short
1733241180,1733241360.0,2639.93,2639.47,2641.31,2639.93,Long
1733242080,1733242110.0,2641.26,2639.72,2639.72,2635.0999999999985,Short
1733242380,1733247120.0,2640.37,2639.69,2642.4099999999994,2640.37,Long
1733247180,1733248680.0,2645.72,2645.43,2645.43,2644.56,Short
1733248800,1733249280.0,2647.47,2647.2,2648.2799999999997,2647.47,Long
1733249520,1733249580.0,2646.35,2645.57,2648.689999999999,2646.35,Long
1733249820,1733250000.0,2645.3,2644.35,2644.35,2641.499999999999,Short
1733250120,1733250150.0,2645.84,2644.48,2649.9200000000005,2645.84,Long
1733250240,1733250420.0,2645.99,2645.13,2648.569999999999,2645.99,Long
1733251020,1733252280.0,2644.97,2644.56,2644.56,2643.3300000000004,Short
1733252340,1733252370.0,2646.32,2645.96,2647.4000000000005,2646.32,Long
1733252640,1733252940.0,2646.01,2645.32,2648.0800000000004,2646.01,Long
1733253120,1733256360.0,2645.08,2644.95,2644.95,2644.5599999999995,Short
1733256540,1733259120.0,2643.73,2643.16,2645.4400000000005,2643.73,Long
1733259240,1733260860.0,2642.45,2642.01,2642.01,2640.6900000000014,Short
1733260920,1733260980.0,2642.27,2641.95,2643.2300000000005,2642.27,Long
1733261460,1733267280.0,2643.06,2642.89,2643.57,2643.06,Long
1733267400,1733270100.0,2642.24,2640.8,2640.8,2636.4800000000014,Short
1733270160,1733272200.0,2642.6,2642.36,2643.3199999999993,2642.6,Long
1733272680,1733275800.0,2641.82,2641.08,2641.08,2638.859999999999,Short
1733276100,1733276220.0,2641.27,2639.89,2639.89,2635.7499999999995,Short
1733276400,1733276430.0,2640.64,2640.4,2640.4,2639.6800000000007,Short
1733276580,1733276610.0,2640.96,2639.52,2639.52,2635.2,Short
1733276820,1733276940.0,2640.24,2638.2,2638.2,2632.08,Short
1733277000,1733280720.0,2640.09,2639.59,2641.59,2640.09,Long
1733281020,1733281080.0,2644.98,2644.1,2644.1,2641.4599999999996,Short
1733281200,1733282340.0,2646.0,2645.21,2648.37,2646.0,Long
1733282820,1733283120.0,2644.21,2643.37,2643.37,2640.8499999999995,Short
1733283720,1733284020.0,2645.3,2645.09,2645.9300000000003,2645.3,Long
1733284200,1733285100.0,2645.66,2645.34,2645.34,2644.380000000001,Short
1733285220,1733285250.0,2645.62,2644.12,2650.12,2645.62,Long
1733285400,1733286840.0,2645.24,2645.0,2645.959999999999,2645.24,Long
1733286960,1733287140.0,2645.79,2645.59,2645.59,2644.9900000000007,Short
1733287320,1733292660.0,2645.99,2645.59,2647.1899999999987,2645.99,Long
1733293140,1733293680.0,2648.45,2647.97,2647.97,2646.5299999999997,Short
1733293740,1733294460.0,2648.72,2648.49,2649.41,2648.72,Long
1733294640,1733294670.0,2649.66,2649.43,2649.43,2648.74,Short
1733294760,1733295120.0,2649.56,2649.22,2650.5800000000004,2649.56,Long
1733295240,1733295780.0,2650.35,2650.07,2650.07,2649.230000000001,Short
1733295840,1733296020.0,2648.4,2648.02,2649.5400000000004,2648.4,Long
1733296440,1733301960.0,2648.1,2647.31,2647.31,2644.94,Short
1733302080,1733302380.0,2641.21,2639.5,2646.34,2641.21,Long
1733302860,1733302890.0,2642.2,2640.46,2647.419999999999,2642.2,Long
1733303160,1733303190.0,2639.8,2638.79,2638.79,2635.7599999999993,Short
1733303280,1733304960.0,2640.71,2639.62,2643.9800000000005,2640.71,Long
1733305080,1733305200.0,2641.26,2641.1,2641.1,2640.619999999999,Short
1733305380,1733305920.0,2642.51,2641.71,2641.71,2639.3099999999995,Short
1733306580,1733306820.0,2641.14,2639.3,2639.3,2633.780000000001,Short
1733306880,1733307000.0,2641.27,2640.86,2642.4999999999995,2641.27,Long
1733308080,1733308260.0,2641.67,2640.5,2645.1800000000003,2641.67,Long
1733308380,1733312940.0,2642.03,2641.71,2642.9900000000007,2642.03,Long
1733313000,1733313360.0,2644.74,2644.52,2644.52,2643.8600000000006,Short
1733313420,1733314020.0,2645.58,2644.61,2648.4899999999993,2645.58,Long
1733314200,1733314320.0,2645.42,2645.03,2646.5899999999997,2645.42,Long
1733314740,1733318520.0,2644.3,2643.77,2643.77,2642.1799999999994,Short
1733318640,1733318700.0,2643.14,2641.3,2648.659999999999,2643.14,Long
1733318820,1733319240.0,2644.21,2643.35,2646.7900000000004,2644.21,Long
1733319540,1733321940.0,2646.96,2643.21,2658.21,2646.96,Long
1733322120,1733323980.0,2647.66,2645.5,2654.1399999999994,2647.66,Long
1733324040,1733324070.0,2651.24,2650.63,2650.63,2648.800000000001,Short
1733324580,1733325240.0,2650.64,2649.54,2653.9399999999996,2650.64,Long
1733325660,1733325780.0,2652.08,2650.31,2650.31,2645.0,Short
1733326140,1733328900.0,2653.98,2653.19,2656.35,2653.98,Long
1733328960,1733329680.0,2654.24,2654.11,2654.11,2653.720000000001,Short
1733329860,1733333160.0,2654.81,2653.21,2653.21,2648.4100000000003,Short
1733333400,1733333640.0,2651.75,2650.86,2650.86,2648.1900000000005,Short
1733333760,1733335500.0,2650.91,2650.37,2652.5299999999997,2650.91,Long
1733335800,1733335830.0,2652.0,2651.75,2652.75,2652.0,Long
1733335980,1733336220.0,2651.87,2651.01,2651.01,2648.430000000001,Short
1733336400,1733337300.0,2651.48,2650.75,2653.67,2651.48,Long
1733337480,1733338020.0,2650.55,2649.95,2649.95,2648.1499999999987,Short
1733338200,1733338440.0,2651.99,2651.73,2652.769999999999,2651.99,Long
1733338500,1733339340.0,2651.48,2650.73,2650.73,2648.48,Short
1733339700,1733341020.0,2652.94,2652.18,2655.2200000000007,2652.94,Long
1733341080,1733341110.0,2652.38,2651.96,2651.96,2650.7,Short
1733341800,1733342340.0,2650.99,2650.7,2651.8599999999997,2650.99,Long
1733342700,1733346180.0,2651.3,2651.23,2651.23,2651.0199999999995,Short
1733346240,1733347500.0,2649.82,2649.72,2650.1200000000013,2649.82,Long
1733347740,1733347770.0,2649.71,2648.88,2648.88,2646.3900000000003,Short
1733348220,1733348340.0,2649.18,2649.18,2649.18,2649.18,Long
1733348580,1733354100.0,2649.59,2649.59,2649.59,2649.59,Long
1733354340,1733357040.0,2649.4,2648.3,2652.7,2649.4,Long
1733357640,1733361060.0,2649.15,2648.71,2648.71,2647.39,Short
1733361120,1733361150.0,2648.84,2648.84,2648.84,2648.84,Long
1733361240,1733362260.0,2650.03,2648.75,2653.870000000001,2650.03,Long
1733362500,1733362740.0,2649.41,2649.11,2650.309999999999,2649.41,Long
1733363160,1733366040.0,2648.08,2647.06,2647.06,2644.0,Short
1733366280,1733367000.0,2648.26,2647.34,2651.0200000000004,2648.26,Long
1733367480,1733367660.0,2647.02,2645.8,2650.6799999999994,2647.02,Long
1733367960,1733368080.0,2646.61,2645.33,2645.33,2641.4899999999993,Short
1733369100,1733370000.0,2647.78,2647.28,2647.28,2645.78,Short
1733370180,1733372700.0,2647.66,2647.07,2649.429999999999,2647.66,Long
1733372880,1733373120.0,2647.57,2647.42,2648.0200000000004,2647.57,Long
1733373240,1733373300.0,2647.94,2646.4,2646.4,2641.78,Short
1733373480,1733375700.0,2647.46,2647.42,2647.42,2647.3,Short
1733376180,1733379720.0,2649.06,2649.06,2649.06,2649.06,Long
1733379900,1733383980.0,2650.14,2649.78,2649.78,2648.700000000001,Short
1733384160,1733384190.0,2649.5,2647.37,2647.37,2640.9799999999996,Short
1733384340,1733385960.0,2650.1,2648.94,2653.5799999999995,2650.1,Long
1733386020,1733391480.0,2649.36,2648.47,2648.47,2645.799999999999,Short
1733391660,1733391690.0,2645.19,2644.26,2644.26,2641.4700000000007,Short
1733391780,1733392440.0,2645.35,2645.21,2645.7699999999995,2645.35,Long
1733392740,1733392770.0,2645.36,2644.98,2646.5000000000005,2645.36,Long
1733392980,1733397600.0,2645.87,2645.19,2647.9099999999994,2645.87,Long
1733397900,1733397960.0,2649.16,2649.04,2649.04,2648.6800000000003,Short
1733398080,1733398260.0,2649.57,2648.53,2652.69,2649.57,Long
1733398380,1733398560.0,2650.85,2648.89,2648.89,2643.0099999999998,Short
1733398860,1733401200.0,2649.45,2648.3,2652.8999999999987,2649.45,Long
1733401680,1733401710.0,2649.94,2649.18,2649.18,2646.899999999999,Short
1733401800,1733403300.0,2649.68,2649.4,2649.4,2648.560000000001,Short
1733403480,1733404980.0,2652.52,2651.5,2655.58,2652.52,Long
1733405580,1733408040.0,2649.63,2649.57,2649.57,2649.3900000000003,Short
1733408400,1733409000.0,2647.04,2646.71,2646.71,2645.7200000000003,Short
1733409240,1733409420.0,2647.36,2646.42,2650.1800000000003,2647.36,Long
1733409900,1733413920.0,2647.07,2645.7,2645.7,2641.589999999999,Short
1733414340,1733416800.0,2641.13,2639.31,2646.5900000000006,2641.13,Long
1733417340,1733421720.0,2637.46,2636.82,2636.82,2634.9000000000005,Short
1733421780,1733421810.0,2628.58,2628.13,2629.9299999999994,2628.58,Long
1733421960,1733422140.0,2627.69,2627.3,2627.3,2626.1300000000006,Short
1733422560,1733422680.0,2626.95,2625.94,2629.979999999999,2626.95,Long
1733423040,1733423400.0,2625.65,2624.96,2624.96,2622.89,Short
1733423460,1733423940.0,2625.27,2624.46,2627.7,2625.27,Long
1733424240,1733424480.0,2628.94,2628.4,2630.56,2628.94,Long
1733425140,1733428500.0,2628.99,2628.74,2629.74,2628.99,Long
1733428680,1733428710.0,2630.52,2629.99,2632.1100000000006,2630.52,Long
1733428860,1733429460.0,2630.27,2629.94,2631.2599999999998,2630.27,Long
1733429880,1733430180.0,2629.1,2628.96,2628.96,2628.5400000000004,Short
1733430360,1733431500.0,2629.36,2629.06,2629.06,2628.1599999999994,Short
1733431680,1733431800.0,2630.83,2630.25,2632.5699999999997,2630.83,Long
1733431980,1733432160.0,2630.71,2630.17,2630.17,2628.55,Short
1733432280,1733435460.0,2631.33,2630.0,2635.3199999999997,2631.33,Long
1733435520,1733435550.0,2632.21,2632.06,2632.06,2631.6099999999997,Short
1733435880,1733439720.0,2631.78,2631.61,2631.61,2631.1,Short
1733440020,1733440050.0,2631.76,2631.0,2634.040000000001,2631.76,Long
1733440320,1733440440.0,2631.71,2630.4,2635.64,2631.71,Long
1733440500,1733440530.0,2631.95,2631.43,2631.43,2629.87,Short
1733440680,1733443560.0,2632.69,2632.69,2632.69,2632.69,Long
1733443800,1733450340.0,2632.2,2632.02,2632.02,2631.4800000000005,Short
1733450460,1733451540.0,2618.61,2617.38,2622.3,2618.61,Long
1733451660,1733451720.0,2619.6,2619.18,2619.18,2617.9199999999996,Short
1733451840,1733452020.0,2620.35,2619.4,2619.4,2616.5500000000006,Short
1733452260,1733452380.0,2622.35,2620.21,2620.21,2613.7900000000004,Short
1733452560,1733460360.0,2622.83,2621.71,2626.1899999999996,2622.83,Long
1733460660,1733460720.0,2642.16,2642.15,2642.189999999999,2642.16,Long
1733460960,1733460990.0,2642.66,2642.18,2644.1,2642.66,Long
1733461260,1733461800.0,2641.94,2641.91,2641.91,2641.8199999999993,Short
1733462100,1733462130.0,2642.22,2641.0,2641.0,2637.3400000000006,Short
1733462280,1733462520.0,2642.29,2642.22,2642.22,2642.0099999999993,Short
1733462760,1733462790.0,2642.17,2642.05,2642.05,2641.6900000000005,Short
1733462880,1733462910.0,2642.08,2642.04,2642.2,2642.08,Long
1733463060,1733466480.0,2642.05,2641.71,2641.71,2640.6899999999996,Short
1733466720,1733467320.0,2641.54,2638.74,2649.9400000000005,2641.54,Long
1733467500,1733468520.0,2638.56,2637.41,2642.01,2638.56,Long
1733468700,1733468760.0,2639.23,2637.35,2644.8700000000003,2639.23,Long
1733469300,1733471400.0,2638.35,2637.6,2637.6,2635.35,Short
1733471520,1733471550.0,2638.0,2637.35,2637.35,2635.3999999999996,Short
1733471700,1733477460.0,2638.96,2638.37,2640.7300000000005,2638.96,Long
1733477640,1733477820.0,2641.28,2640.64,2640.64,2638.719999999999,Short
1733477940,1733478120.0,2641.79,2639.82,2639.82,2633.9100000000008,Short
1733478420,1733483880.0,2642.73,2641.78,2641.78,2638.9300000000007,Short
1733483940,1733486520.0,2636.87,2636.7,2637.38,2636.87,Long
1733486880,1733487060.0,2636.73,2636.61,2636.61,2636.2500000000005,Short
1733488080,1733488110.0,2639.29,2639.05,2639.05,2638.330000000001,Short
1733488260,1733490000.0,2639.83,2638.7,2643.2200000000003,2639.83,Long
1733490180,1733492160.0,2638.23,2636.02,2636.02,2629.39,Short
1733492280,1733492520.0,2639.58,2636.43,2649.03,2639.58,Long
1733492580,1733493660.0,2640.31,2639.24,2639.24,2636.0299999999993,Short
1733493780,1733493810.0,2637.73,2635.21,2645.29,2637.73,Long
1733493960,1733496900.0,2635.4,2634.63,2634.63,2632.32,Short
1733497200,1733500080.0,2635.57,2633.65,2641.3300000000004,2635.57,Long
1733500380,1733500920.0,2635.53,2634.39,2634.39,2630.969999999999,Short
1733500980,1733501160.0,2637.99,2637.35,2639.9099999999994,2637.99,Long
1733501280,1733501340.0,2636.82,2636.55,2636.55,2635.7400000000002,Short
1733501700,1733501940.0,2637.13,2636.93,2636.93,2636.329999999999,Short
1733502000,1733504520.0,2638.4,2637.12,2642.2400000000007,2638.4,Long
1733504700,1733504820.0,2636.71,2635.61,2635.61,2632.3100000000004,Short
1733505300,1733505420.0,2639.37,2638.86,2640.899999999999,2639.37,Long
1733505600,1733508900.0,2639.19,2637.77,2637.77,2633.5099999999998,Short
1733509560,1733511540.0,2638.63,2637.4,2642.32,2638.63,Long
1733511840,1733515320.0,2637.16,2636.1,2636.1,2632.92,Short
1733515440,1733515860.0,2635.39,2634.03,2639.469999999999,2635.39,Long
1733516040,1733516100.0,2634.48,2634.25,2634.25,2633.56,Short
1733516340,1733517720.0,2635.42,2634.94,2636.86,2635.42,Long
1733518380,1733521680.0,2634.1,2633.28,2633.28,2630.820000000001,Short
1733521800,1733522100.0,2632.93,2632.7,2633.62,2632.93,Long
1733698860,1733701800.0,2632.14,2632.14,2632.14,2632.14,Long
1733702160,1733706480.0,2637.75,2636.6,2636.6,2633.1499999999996,Short
1733706540,1733710140.0,2636.91,2634.91,2642.91,2636.91,Long
1733710260,1733711340.0,2647.1,2645.77,2645.77,2641.78,Short
1733711520,1733711760.0,2648.31,2646.49,2653.7700000000004,2648.31,Long
1733711880,1733711910.0,2646.39,2644.97,2650.65,2646.39,Long
1733712060,1733715000.0,2644.39,2643.41,2643.41,2640.47,Short
1733715180,1733715240.0,2643.14,2641.6,2647.7599999999998,2643.14,Long
1733715660,1733721060.0,2642.47,2641.1,2641.1,2636.9900000000002,Short
1733721300,1733721330.0,2637.75,2637.39,2638.8300000000004,2637.75,Long
1733721480,1733732520.0,2637.63,2637.33,2638.5300000000007,2637.63,Long
1733732940,1733733120.0,2648.76,2648.0,2651.040000000001,2648.76,Long
1733733420,1733733480.0,2646.67,2646.39,2646.39,2645.5499999999993,Short
1733733720,1733734320.0,2648.27,2647.51,2647.51,2645.230000000001,Short
1733734440,1733734860.0,2649.8,2648.88,2648.88,2646.12,Short
1733734920,1733740620.0,2649.79,2648.41,2653.9300000000003,2649.79,Long
1733740680,1733740860.0,2655.89,2655.13,2655.13,2652.850000000001,Short
1733741580,1733741610.0,2656.54,2656.38,2657.0199999999995,2656.54,Long
1733741940,1733742240.0,2657.69,2656.9,2660.06,2657.69,Long
1733742360,1733742660.0,2657.75,2657.05,2659.8499999999995,2657.75,Long
1733743560,1733743800.0,2659.61,2658.2,2663.840000000001,2659.61,Long
1733743860,1733743890.0,2657.28,2655.47,2655.47,2650.0399999999986,Short
1733744160,1733744580.0,2657.28,2656.64,2659.200000000001,2657.28,Long
1733745660,1733745690.0,2656.81,2654.79,2654.79,2648.73,Short
1733746260,1733746680.0,2656.69,2655.77,2655.77,2653.0099999999998,Short
1733746860,1733746890.0,2656.55,2656.09,2657.9300000000003,2656.55,Long
1733746980,1733747580.0,2655.77,2655.41,2655.41,2654.3299999999995,Short
1733747820,1733747880.0,2656.42,2655.4,2655.4,2652.34,Short
1733748060,1733748180.0,2656.18,2655.92,2655.92,2655.140000000001,Short
1733748300,1733748960.0,2655.76,2655.36,2655.36,2654.16,Short
1733749080,1733749200.0,2655.8,2655.04,2655.04,2652.7599999999993,Short
1733749380,1733749560.0,2656.76,2655.75,2659.790000000001,2656.76,Long
1733749980,1733750010.0,2656.7,2656.36,2657.719999999999,2656.7,Long
1733750280,1733750520.0,2657.28,2655.2,2663.5200000000013,2657.28,Long
1733750880,1733750910.0,2656.41,2655.01,2660.6099999999988,2656.41,Long
1733751000,1733758200.0,2656.79,2656.11,2658.8299999999995,2656.79,Long
1733758440,1733758470.0,2671.18,2670.13,2670.13,2666.980000000001,Short
1733758800,1733758830.0,2671.62,2670.4,2675.2799999999993,2671.62,Long
1733759400,1733762580.0,2668.93,2668.79,2668.79,2668.3700000000003,Short
1733762700,1733762730.0,2669.01,2668.25,2671.290000000001,2669.01,Long
1733762820,1733762880.0,2669.24,2667.51,2674.4299999999985,2669.24,Long
1733763000,1733765100.0,2668.6,2667.64,2667.64,2664.7599999999998,Short
1733765520,1733770320.0,2667.37,2667.28,2667.28,2667.010000000001,Short
1733770440,1733770470.0,2664.38,2663.97,2663.97,2662.739999999999,Short
1733770620,1733770920.0,2663.48,2663.38,2663.38,2663.0800000000004,Short
1733771160,1733771190.0,2663.03,2661.7,2667.0200000000013,2663.03,Long
1733771280,1733778060.0,2662.8,2662.4,2662.4,2661.2,Short
1733778180,1733778480.0,2658.66,2657.95,2657.95,2655.8199999999997,Short
1733779200,1733780880.0,2659.38,2659.04,2660.4000000000005,2659.38,Long
1733781300,1733787600.0,2660.84,2659.14,2665.940000000001,2660.84,Long
1733787660,1733787720.0,2660.13,2658.9,2658.9,2655.21,Short
1733787900,1733788620.0,2660.92,2658.6,2667.8800000000006,2660.92,Long
1733788680,1733788710.0,2660.67,2660.08,2660.08,2658.3099999999995,Short
1733788800,1733790540.0,2660.58,2660.15,2660.15,2658.8600000000006,Short
1733790900,1733791620.0,2660.46,2660.12,2660.12,2659.0999999999995,Short
1733791920,1733794800.0,2661.18,2660.95,2661.87,2661.18,Long
1733794920,1733795160.0,2662.25,2660.84,2666.4799999999996,2662.25,Long
1733795340,1733795760.0,2663.03,2662.89,2662.89,2662.469999999999,Short
1733795940,1733795970.0,2667.57,2663.47,2663.47,2651.1699999999987,Short
1733796420,1733799300.0,2669.93,2667.21,2678.0899999999992,2669.93,Long
1733800020,1733802120.0,2668.08,2667.52,2667.52,2665.84,Short
1733802420,1733802840.0,2671.06,2669.77,2674.93,2671.06,Long
1733802960,1733806320.0,2667.86,2667.56,2668.7600000000007,2667.86,Long
1733806440,1733809260.0,2670.43,2670.28,2670.28,2669.8300000000013,Short
1733809380,1733809440.0,2670.39,2669.34,2673.539999999999,2670.39,Long
1733809980,1733812080.0,2669.99,2668.89,2668.89,2665.59,Short
1733812260,1733813400.0,2669.61,2668.75,2668.75,2666.1699999999996,Short
1733813580,1733814900.0,2669.35,2668.38,2672.2599999999993,2669.35,Long
1733814960,1733815200.0,2669.43,2667.87,2667.87,2663.19,Short
1733815380,1733816400.0,2670.23,2669.6,2672.1200000000003,2670.23,Long
1733816700,1733820840.0,2668.27,2667.74,2667.74,2666.149999999999,Short
1733821200,1733821380.0,2662.86,2662.38,2662.38,2660.94,Short
1733821980,1733822820.0,2665.5,2664.92,2667.24,2665.5,Long
1733823000,1733823120.0,2663.89,2663.41,2663.41,2661.97,Short
1733823300,1733824560.0,2664.64,2664.09,2666.289999999999,2664.64,Long
1733824920,1733824950.0,2665.32,2664.26,2664.26,2661.0800000000004,Short
1733825100,1733829960.0,2666.14,2665.05,2669.409999999999,2666.14,Long
1733830020,1733831700.0,2670.88,2670.08,2670.08,2667.6799999999994,Short
1733832120,1733835420.0,2674.32,2672.99,2678.3100000000013,2674.32,Long
1733835540,1733835840.0,2677.28,2677.08,2677.08,2676.479999999999,Short
1733836260,1733837040.0,2676.21,2675.32,2675.32,2672.6500000000005,Short
1733837340,1733838300.0,2674.54,2674.18,2674.18,2673.0999999999995,Short
1733838360,1733838390.0,2677.65,2676.81,2680.1700000000005,2677.65,Long
1733838780,1733844060.0,2679.01,2678.25,2681.290000000001,2679.01,Long
1733844180,1733844300.0,2688.01,2686.37,2686.37,2681.449999999999,Short
1733844360,1733844390.0,2687.18,2687.03,2687.6299999999987,2687.18,Long
1733844900,1733846580.0,2687.42,2686.16,2686.16,2682.379999999999,Short
1733846700,1733846820.0,2688.94,2686.02,2686.02,2677.2599999999998,Short
1733847060,1733847420.0,2690.5,2689.8,2692.5999999999995,2690.5,Long
1733848200,1733855520.0,2688.16,2687.22,2690.98,2688.16,Long
1733855640,1733858340.0,2692.81,2692.61,2692.61,2692.0100000000007,Short
1733858520,1733858760.0,2694.09,2692.2,2699.760000000001,2694.09,Long
1733858820,1733858850.0,2694.08,2692.9,2692.9,2689.3600000000006,Short
1733859000,1733860440.0,2692.35,2692.32,2692.32,2692.230000000001,Short
1733860620,1733860650.0,2692.2,2691.76,2693.5199999999986,2692.2,Long
1733861820,1733862660.0,2691.78,2691.55,2691.55,2690.86,Short
1733862720,1733864100.0,2691.53,2691.19,2692.5500000000006,2691.53,Long
1733864580,1733866560.0,2691.47,2691.47,2691.47,2691.47,Long
1733866860,1733875320.0,2693.43,2691.9,2698.019999999999,2693.43,Long
1733875380,1733875410.0,2695.22,2694.69,2694.69,2693.100000000001,Short
1733875500,1733875680.0,2694.77,2693.4,2698.8799999999997,2694.77,Long
1733875800,1733875860.0,2694.59,2692.3,2692.3,2685.4300000000003,Short
1733876160,1733876190.0,2694.72,2694.35,2694.35,2693.2400000000002,Short
1733876280,1733881200.0,2694.94,2694.38,2696.62,2694.94,Long
1733881500,1733881530.0,2701.01,2700.87,2700.87,2700.449999999999,Short
1733881980,1733882580.0,2700.82,2699.77,2703.9700000000007,2700.82,Long
1733883180,1733883720.0,2700.28,2699.61,2699.61,2697.6,Short
1733884380,1733885040.0,2703.36,2702.78,2705.1,2703.36,Long
1733885400,1733885580.0,2699.73,2698.94,2698.94,2696.57,Short
1733885700,1733885730.0,2700.68,2698.3,2707.819999999999,2700.68,Long
1733885820,1733886000.0,2700.48,2698.7,2698.7,2693.359999999999,Short
1733886240,1733895840.0,2700.04,2699.76,2699.76,2698.920000000001,Short
1733896020,1733900880.0,2685.03,2682.93,2691.3300000000013,2685.03,Long
1733901060,1733904720.0,2694.19,2689.44,2689.44,2675.19,Short
1733904900,1733907360.0,2692.31,2691.49,2694.7700000000004,2692.31,Long
1733907480,1733909460.0,2691.21,2690.58,2690.58,2688.6899999999996,Short
1733909760,1733909790.0,2693.9,2691.36,2701.52,2693.9,Long
1733909880,1733913600.0,2692.51,2692.35,2692.990000000001,2692.51,Long
1733914080,1733914380.0,2693.67,2693.55,2693.55,2693.1900000000005,Short
1733914500,1733914530.0,2694.99,2694.32,2696.9999999999986,2694.99,Long
1733914620,1733916300.0,2695.03,2694.93,2694.93,2694.6299999999987,Short
1733916420,1733917500.0,2696.12,2694.2,2701.88,2696.12,Long
1733917680,1733917710.0,2695.28,2694.49,2694.49,2692.1199999999985,Short
1733917920,1733918760.0,2695.49,2694.04,2699.8399999999992,2695.49,Long
1733918820,1733918850.0,2695.75,2694.86,2694.86,2692.1900000000005,Short
1733919120,1733919180.0,2695.97,2694.24,2694.24,2689.0499999999997,Short
1733919420,1733919540.0,2696.78,2696.32,2698.1600000000003,2696.78,Long
1733919600,1733919660.0,2696.83,2696.66,2696.66,2696.1499999999996,Short
1733919720,1733919960.0,2696.51,2695.85,2698.490000000001,2696.51,Long
1733920200,1733920440.0,2695.35,2695.11,2695.11,2694.390000000001,Short
1733920620,1733920920.0,2695.66,2695.16,2697.16,2695.66,Long
1733921040,1733921640.0,2696.1,2695.65,2695.65,2694.3000000000006,Short
1733922120,1733923320.0,2697.3,2695.41,2702.970000000001,2697.3,Long
1733923440,1733923740.0,2694.29,2693.21,2693.21,2689.9700000000003,Short
1733924040,1733927160.0,2698.6,2695.91,2706.67,2698.6,Long
1733928120,1733928480.0,2701.5,2700.64,2704.0800000000004,2701.5,Long
1733928720,1733934840.0,2703.58,2701.37,2710.21,2703.58,Long
1733934960,1733934990.0,2717.19,2712.96,2712.96,2700.27,Short
1733935140,1733935170.0,2714.28,2712.61,2719.2900000000004,2714.28,Long
1733935260,1733935440.0,2714.0,2713.31,2713.31,2711.24,Short
1733935560,1733935680.0,2714.31,2713.89,2713.89,2712.6299999999997,Short
1733935860,1733939580.0,2713.76,2713.44,2714.7200000000007,2713.76,Long
1733939760,1733940120.0,2718.07,2717.49,2717.49,2715.7499999999986,Short
1733940360,1733942460.0,2719.26,2719.06,2719.860000000001,2719.26,Long
1733942580,1733945580.0,2717.5,2717.1,2717.1,2715.8999999999996,Short
1733945700,1733948640.0,2717.53,2716.43,2720.8300000000013,2717.53,Long
1733948700,1733948730.0,2719.42,2718.84,2718.84,2717.1000000000004,Short
1733949000,1733949840.0,2718.85,2718.44,2718.44,2717.2100000000005,Short
1733950200,1733950320.0,2718.72,2717.0,2723.879999999999,2718.72,Long
1733950500,1733953440.0,2718.14,2716.8,2716.8,2712.780000000001,Short
1733953500,1733954160.0,2717.5,2717.26,2718.2199999999993,2717.5,Long
1733954220,1733954250.0,2717.75,2717.16,2717.16,2715.3899999999994,Short
1733958120,1733958900.0,2717.47,2714.5,2714.5,2705.5900000000006,Short
1733959320,1733959920.0,2717.46,2716.56,2716.56,2713.8599999999997,Short
1733960220,1733965620.0,2717.91,2717.2,2720.04,2717.91,Long
1733966040,1733969940.0,2718.82,2717.97,2717.97,2715.4199999999987,Short
1733970060,1733970360.0,2707.88,2707.56,2707.56,2706.5999999999995,Short
1733970660,1733972280.0,2707.82,2707.67,2707.67,2707.22,Short
1733972520,1733973240.0,2705.97,2704.5,2704.5,2700.0900000000006,Short
1733973480,1733973720.0,2707.13,2706.08,2706.08,2702.9299999999994,Short
1733973840,1733980740.0,2707.22,2706.71,2708.749999999999,2707.22,Long
1733980800,1733980920.0,2714.13,2713.85,2713.85,2713.0099999999993,Short
1733981160,1733983140.0,2713.32,2711.4,2719.0800000000004,2713.32,Long
1733983200,1733983800.0,2713.48,2712.78,2712.78,2710.6800000000007,Short
1733983920,1733985240.0,2712.76,2712.3,2712.3,2710.92,Short
1733985600,1733985660.0,2714.2,2713.4,2713.4,2711.000000000001,Short
1733986020,1733989560.0,2715.28,2714.85,2716.570000000001,2715.28,Long
1733989920,1733992320.0,2716.83,2715.9,2715.9,2713.1100000000006,Short
1733992620,1733992860.0,2717.82,2717.27,2719.4700000000007,2717.82,Long
1733992920,1733993040.0,2716.92,2716.14,2716.14,2713.7999999999993,Short
1733993520,1733993760.0,2716.32,2715.73,2715.73,2713.9599999999996,Short
1733993820,1733994360.0,2717.09,2716.58,2718.620000000001,2717.09,Long
1733994420,1733995140.0,2716.83,2716.11,2716.11,2713.9500000000007,Short
1733995260,1733995290.0,2717.64,2715.11,2715.11,2707.520000000001,Short
1733995560,1733995860.0,2716.66,2714.31,2714.31,2707.26,Short
1733996340,1733997360.0,2716.96,2715.94,2715.94,2712.88,Short
1733997660,1734000240.0,2714.59,2713.98,2713.98,2712.1499999999996,Short
1734000480,1734001080.0,2713.68,2713.21,2713.21,2711.8000000000006,Short
1734001260,1734003780.0,2711.56,2710.16,2710.16,2705.9599999999996,Short
1734004080,1734004200.0,2712.42,2710.58,2710.58,2705.0599999999995,Short
1734004560,1734006060.0,2711.15,2710.24,2713.880000000001,2711.15,Long
1734006180,1734006210.0,2710.99,2710.33,2710.33,2708.3500000000004,Short
1734007080,1734016860.0,2710.99,2710.51,2710.51,2709.0700000000015,Short
1734016920,1734017520.0,2684.26,2682.36,2689.9600000000005,2684.26,Long
1734017820,1734019440.0,2682.87,2681.56,2681.56,2677.63,Short
1734019620,1734019650.0,2682.62,2681.14,2681.14,2676.7,Short
1734020640,1734021060.0,2680.73,2679.65,2679.65,2676.4100000000003,Short
1734021120,1734022260.0,2679.52,2678.87,2681.4700000000003,2679.52,Long
1734022440,1734022560.0,2681.9,2681.7,2681.7,2681.099999999999,Short
1734022620,1734025860.0,2682.84,2681.47,2686.950000000001,2682.84,Long
1734026040,1734026820.0,2684.46,2683.97,2685.9300000000007,2684.46,Long
1734026880,1734026910.0,2685.22,2684.75,2684.75,2683.3400000000006,Short
1734027180,1734027540.0,2684.39,2683.22,2687.9,2684.39,Long
1734027840,1734027900.0,2683.89,2683.29,2683.29,2681.4900000000002,Short
1734027960,1734028440.0,2684.4,2683.18,2688.060000000001,2684.4,Long
1734028560,1734028620.0,2685.91,2684.42,2684.42,2679.9500000000007,Short
1734028680,1734028710.0,2684.92,2684.63,2685.79,2684.92,Long
1734028860,1734028890.0,2684.99,2683.99,2683.99,2680.99,Short
1734029040,1734029160.0,2685.05,2684.25,2687.4500000000007,2685.05,Long
1734029340,1734029520.0,2686.19,2685.43,2685.43,2683.149999999999,Short
1734029760,1734029820.0,2685.17,2684.89,2684.89,2684.0499999999993,Short
1734030660,1734030960.0,2685.51,2684.6,2688.240000000001,2685.51,Long
1734031140,1734031200.0,2685.89,2684.8,2689.159999999999,2685.89,Long
1734032040,1734032940.0,2684.6,2683.95,2683.95,2681.9999999999995,Short
1734033060,1734038400.0,2684.48,2683.61,2683.61,2681.0000000000005,Short
1734038760,1734038790.0,2682.31,2682.24,2682.24,2682.0299999999993,Short
1734038880,1734039600.0,2682.46,2682.36,2682.36,2682.0600000000004,Short
1734040140,1734040620.0,2680.96,2680.1,2683.5400000000004,2680.96,Long
1734040680,1734044640.0,2680.5,2679.61,2679.61,2676.9400000000005,Short
1734044700,1734044730.0,2679.96,2679.76,2680.5599999999995,2679.96,Long
1734044880,1734047100.0,2680.56,2679.7,2679.7,2677.1199999999994,Short
1734047460,1734047490.0,2680.24,2679.3,2679.3,2676.4800000000014,Short
1734048120,1734048900.0,2679.99,2678.99,2678.99,2675.99,Short
1734049320,1734054780.0,2681.36,2679.92,2685.6800000000003,2681.36,Long
1734055020,1734055050.0,2688.55,2686.82,2693.7400000000002,2688.55,Long
1734055140,1734055170.0,2689.54,2688.35,2693.11,2689.54,Long
1734055260,1734057720.0,2689.76,2689.04,2689.04,2686.879999999999,Short
1734057840,1734057870.0,2687.77,2686.64,2691.1600000000003,2687.77,Long
1734058260,1734058740.0,2686.8,2685.56,2685.56,2681.8399999999992,Short
1734058860,1734058890.0,2686.6,2685.75,2689.1499999999996,2686.6,Long
1734058980,1734059010.0,2686.45,2686.15,2686.15,2685.250000000001,Short
1734059280,1734059310.0,2686.85,2686.2,2686.2,2684.2499999999995,Short
1734059460,1734059880.0,2686.49,2685.0,2685.0,2680.5300000000007,Short
1734059940,1734060000.0,2687.78,2687.57,2688.4100000000003,2687.78,Long
1734060060,1734060180.0,2688.28,2687.86,2687.86,2686.6,Short
1734060240,1734060270.0,2688.25,2687.92,2689.24,2688.25,Long
1734060360,1734060390.0,2688.34,2687.1,2687.1,2683.379999999999,Short
1734060660,1734062700.0,2689.06,2688.49,2690.7700000000004,2689.06,Long
1734062760,1734065460.0,2687.62,2687.2,2687.2,2685.9399999999996,Short
1734065580,1734065610.0,2687.4,2685.8,2692.2,2687.4,Long
1734065760,1734066300.0,2687.4,2687.08,2687.08,2686.1199999999994,Short
1734066360,1734066540.0,2686.95,2686.79,2687.4299999999994,2686.95,Long
1734066600,1734067380.0,2686.4,2686.3,2686.3,2686.0000000000005,Short
1734067560,1734067590.0,2686.56,2685.86,2688.6599999999994,2686.56,Long
1734067680,1734067710.0,2686.75,2686.32,2688.0399999999995,2686.75,Long
1734067800,1734068100.0,2687.03,2686.85,2687.570000000001,2687.03,Long
1734068160,1734068340.0,2687.27,2686.35,2686.35,2683.5899999999997,Short
1734068400,1734070200.0,2686.73,2686.47,2687.5100000000007,2686.73,Long
1734070380,1734070800.0,2685.97,2685.39,2687.7099999999996,2685.97,Long
1734070860,1734072420.0,2687.2,2686.77,2686.77,2685.4800000000005,Short
1734072480,1734074580.0,2688.31,2688.19,2688.6699999999996,2688.31,Long
1734074700,1734077700.0,2684.92,2684.33,2684.33,2682.5599999999995,Short
1734077820,1734078540.0,2684.4,2683.1,2688.3000000000006,2684.4,Long
1734078720,1734078780.0,2683.34,2682.29,2682.29,2679.1399999999994,Short
1734078900,1734079320.0,2682.89,2682.14,2685.14,2682.89,Long
1734079620,1734086460.0,2682.6,2682.28,2682.28,2681.320000000001,Short
1734086940,1734087060.0,2669.36,2668.99,2670.470000000001,2669.36,Long
1734087120,1734091440.0,2669.21,2668.81,2668.81,2667.6099999999997,Short
1734091560,1734095220.0,2666.01,2664.69,2669.9700000000007,2666.01,Long
1734095280,1734096000.0,2669.94,2669.06,2669.06,2666.4199999999996,Short
1734096360,1734101700.0,2669.58,2668.85,2668.85,2666.66,Short
1734101760,1734101790.0,2660.74,2659.66,2663.9799999999996,2660.74,Long
1734101880,1734104220.0,2661.35,2659.67,2659.67,2654.6300000000006,Short
1734104280,1734104700.0,2659.29,2656.01,2669.129999999999,2659.29,Long
1734104880,1734105420.0,2662.06,2660.46,2666.8599999999997,2662.06,Long
1734105540,1734107160.0,2659.23,2658.1,2662.6200000000003,2659.23,Long
1734107220,1734107250.0,2660.04,2659.18,2659.18,2656.5999999999995,Short
1734107400,1734107460.0,2660.37,2659.74,2662.26,2660.37,Long
1734107700,1734107730.0,2661.41,2661.12,2661.12,2660.25,Short
1734107820,1734107850.0,2661.56,2660.94,2660.94,2659.0800000000004,Short
1734108000,1734109020.0,2662.76,2661.43,2666.7500000000014,2662.76,Long
1734111960,1734118320.0,2661.97,2661.82,2661.82,2661.3700000000013,Short
1734118440,1734118500.0,2653.6,2652.68,2656.36,2653.6,Long
1734119040,1734125700.0,2653.77,2653.52,2653.52,2652.77,Short
1734125760,1734125790.0,2648.67,2647.4,2652.48,2648.67,Long
1734126060,1734126180.0,2648.96,2648.06,2648.06,2645.3599999999997,Short
1734126360,1734304200.0,2649.64,2648.56,2652.8799999999997,2649.64,Long
1734304380,1734304620.0,2648.69,2647.7,2651.6600000000008,2648.69,Long
1734304920,1734305340.0,2649.01,2647.9,2652.3400000000006,2649.01,Long
1734305520,1734305640.0,2649.35,2648.0,2653.3999999999996,2649.35,Long
1734306120,1734309120.0,2651.21,2651.21,2651.21,2651.21,Long
1734309360,1734311340.0,2650.59,2648.8,2648.8,2643.4300000000003,Short
1734311520,1734311580.0,2651.04,2650.1,2653.86,2651.04,Long
1734311640,1734311880.0,2650.58,2649.9,2649.9,2647.8600000000006,Short
1734312660,1734315000.0,2654.9,2653.0,2660.6000000000004,2654.9,Long
1734315060,1734315120.0,2652.65,2651.9,2651.9,2649.65,Short
1734315240,1734316500.0,2652.43,2652.16,2652.16,2651.35,Short
1734316560,1734317460.0,2652.77,2652.21,2654.45,2652.77,Long
1734317760,1734318480.0,2653.21,2651.99,2651.99,2648.329999999999,Short
1734318660,1734318720.0,2653.03,2652.32,2655.1600000000003,2653.03,Long
1734318780,1734318810.0,2652.91,2652.46,2652.46,2651.1100000000006,Short
1734318900,1734319560.0,2652.89,2652.74,2653.34,2652.89,Long
1734319980,1734321660.0,2653.74,2653.36,2654.8799999999987,2653.74,Long
1734321900,1734322140.0,2653.74,2653.06,2655.7799999999993,2653.74,Long
1734322200,1734322500.0,2653.53,2653.06,2653.06,2651.649999999999,Short
1734322560,1734323100.0,2653.44,2653.27,2653.9500000000003,2653.44,Long
1734323160,1734323700.0,2654.31,2653.93,2653.93,2652.7899999999995,Short
1734323760,1734323790.0,2653.06,2652.77,2653.93,2653.06,Long
1734324300,1734327480.0,2652.76,2652.44,2652.44,2651.4799999999996,Short
1734327600,1734327630.0,2652.53,2651.0,2657.120000000001,2652.53,Long
1734327720,1734328440.0,2651.97,2651.61,2651.61,2650.530000000001,Short
1734328500,1734328530.0,2651.97,2651.55,2653.2299999999987,2651.97,Long
1734328680,1734328710.0,2652.57,2652.27,2652.27,2651.3699999999994,Short
1734328800,1734331920.0,2652.76,2652.51,2653.51,2652.76,Long
1734332220,1734332640.0,2653.84,2652.4,2658.1600000000003,2653.84,Long
1734332700,1734332820.0,2653.09,2652.73,2652.73,2651.6499999999996,Short
1734333240,1734333600.0,2652.75,2651.5,2651.5,2647.75,Short
1734333720,1734334320.0,2653.95,2653.72,2654.64,2653.95,Long
1734334620,1734336300.0,2652.93,2652.47,2654.31,2652.93,Long
1734336420,1734336450.0,2653.51,2652.87,2655.430000000001,2653.51,Long
1734336600,1734336840.0,2653.04,2652.61,2652.61,2651.3200000000006,Short
1734336900,1734340440.0,2654.76,2653.9,2657.3400000000006,2654.76,Long
1734340740,1734343140.0,2658.7,2658.13,2658.13,2656.420000000001,Short
1734343500,1734343560.0,2658.76,2658.76,2658.76,2658.76,Long
1734343620,1734343740.0,2658.64,2658.16,2658.16,2656.72,Short
1734343860,1734346800.0,2658.41,2658.15,2659.189999999999,2658.41,Long
1734346860,1734346920.0,2659.32,2658.22,2658.22,2654.9199999999987,Short
1734347040,1734347160.0,2658.44,2657.88,2660.12,2658.44,Long
1734347280,1734347310.0,2659.01,2658.77,2658.77,2658.0499999999993,Short
1734347460,1734347640.0,2659.28,2658.13,2662.7300000000005,2659.28,Long
1734347760,1734351540.0,2659.61,2659.27,2660.6300000000006,2659.61,Long
1734351780,1734351810.0,2663.54,2662.0,2662.0,2657.38,Short
1734352020,1734352140.0,2662.85,2661.4,2661.4,2657.0500000000006,Short
1734352380,1734354300.0,2661.46,2660.76,2660.76,2658.6600000000008,Short
1734354480,1734354660.0,2663.68,2662.2,2662.2,2657.7599999999998,Short
1734354780,1734354810.0,2663.49,2662.85,2665.4099999999994,2663.49,Long
1734355260,1734355290.0,2662.3,2661.16,2665.720000000001,2662.3,Long
1734355560,1734355920.0,2660.82,2660.54,2661.6600000000008,2660.82,Long
1734355980,1734356040.0,2661.21,2660.06,2660.06,2656.6099999999997,Short
1734356100,1734356280.0,2660.44,2659.76,2662.4799999999996,2660.44,Long
1734356580,1734356610.0,2661.45,2660.12,2665.4399999999996,2661.45,Long
1734356700,1734356760.0,2661.07,2659.92,2664.5200000000004,2661.07,Long
1734356880,1734356910.0,2660.81,2659.24,2659.24,2654.5299999999993,Short
1734357180,1734357210.0,2662.03,2659.51,2669.59,2662.03,Long
1734357300,1734357330.0,2661.63,2660.51,2664.99,2661.63,Long
1734357480,1734359760.0,2662.78,2662.45,2662.45,2661.4599999999987,Short
1734359880,1734363120.0,2659.58,2658.99,2658.99,2657.2199999999993,Short
1734363300,1734363720.0,2656.09,2655.59,2655.59,2654.09,Short
1734364200,1734364320.0,2655.32,2655.19,2655.19,2654.7999999999997,Short
1734364500,1734364560.0,2655.14,2653.6,2659.7599999999998,2655.14,Long
1734364620,1734364680.0,2655.71,2655.36,2655.36,2654.3100000000004,Short
1734364800,1734365880.0,2654.43,2654.14,2655.2999999999997,2654.43,Long
1734366000,1734369180.0,2654.4,2654.11,2654.11,2653.2400000000002,Short
1734369420,1734371640.0,2653.33,2652.39,2656.15,2653.33,Long
1734371820,1734372000.0,2652.57,2651.0,2651.0,2646.2899999999995,Short
1734372120,1734373440.0,2652.12,2651.94,2651.94,2651.4000000000005,Short
1734373620,1734373740.0,2653.01,2652.92,2652.92,2652.6499999999996,Short
1734374040,1734377040.0,2653.82,2653.69,2654.2100000000005,2653.82,Long
1734377640,1734380520.0,2652.59,2651.98,2651.98,2650.1499999999996,Short
1734380640,1734380700.0,2652.58,2651.99,2654.3500000000004,2652.58,Long
1734380760,1734382140.0,2652.53,2651.1,2651.1,2646.809999999999,Short
1734382380,1734382500.0,2653.17,2652.86,2654.1,2653.17,Long
1734382860,1734382890.0,2653.17,2652.62,2654.8200000000006,2653.17,Long
1734382980,1734383700.0,2652.3,2652.04,2652.04,2651.2599999999993,Short
1734384000,1734384030.0,2652.39,2652.17,2653.0499999999993,2652.39,Long
1734384180,1734384720.0,2652.25,2651.37,2651.37,2648.7299999999996,Short
1734384840,1734384900.0,2652.31,2651.9,2653.5399999999995,2652.31,Long
1734385080,1734385800.0,2652.85,2652.19,2652.19,2650.2100000000005,Short
1734386040,1734390360.0,2652.43,2651.6,2654.9199999999996,2652.43,Long
1734390480,1734390600.0,2652.33,2651.99,2651.99,2650.9699999999993,Short
1734390840,1734391380.0,2651.93,2651.73,2652.5299999999993,2651.93,Long
1734391500,1734391560.0,2652.54,2651.8,2651.8,2649.580000000001,Short
1734391980,1734392100.0,2652.1,2651.92,2651.92,2651.3800000000006,Short
1734392400,1734393540.0,2651.96,2651.86,2651.86,2651.5600000000004,Short
1734393600,1734394140.0,2651.52,2651.47,2651.6700000000005,2651.52,Long
1734394500,1734394860.0,2651.65,2651.51,2651.51,2651.0900000000006,Short
1734395100,1734395520.0,2652.39,2652.06,2653.3799999999997,2652.39,Long
1734396120,1734396150.0,2651.34,2650.1,2650.1,2646.379999999999,Short
1734396600,1734396630.0,2651.84,2651.76,2652.08,2651.84,Long
1734396720,1734402720.0,2652.88,2652.14,2655.100000000001,2652.88,Long
1734402960,1734406260.0,2656.43,2656.06,2656.06,2654.9500000000003,Short
1734406440,1734406680.0,2655.61,2655.48,2655.48,2655.0899999999997,Short
1734406740,1734406770.0,2655.58,2655.26,2656.539999999999,2655.58,Long
1734406920,1734406950.0,2655.11,2654.92,2654.92,2654.35,Short
1734407160,1734408060.0,2654.78,2653.75,2653.75,2650.6599999999994,Short
1734408180,1734408210.0,2653.41,2651.8,2658.239999999999,2653.41,Long
1734408360,1734408480.0,2652.77,2652.34,2652.34,2651.0500000000006,Short
1734408660,1734408690.0,2654.16,2653.84,2655.119999999999,2654.16,Long
1734408840,1734408960.0,2654.07,2653.95,2654.430000000001,2654.07,Long
1734409320,1734413340.0,2654.73,2653.6,2653.6,2650.2099999999996,Short
1734413460,1734413820.0,2653.67,2652.17,2658.17,2653.67,Long
1734413880,1734413910.0,2652.14,2652.14,2652.14,2652.14,Long
1734414180,1734416220.0,2653.85,2652.42,2658.1399999999994,2653.85,Long
1734416280,1734419400.0,2651.7,2651.07,2651.07,2649.180000000001,Short
1734419460,1734422820.0,2651.09,2650.1,2654.060000000001,2651.09,Long
1734423000,1734430620.0,2652.44,2651.89,2651.89,2650.2399999999993,Short
1734430920,1734431040.0,2641.91,2641.21,2644.0099999999993,2641.91,Long
1734431400,1734432180.0,2642.02,2641.54,2643.46,2642.02,Long
1734432420,1734432720.0,2640.2,2639.24,2639.24,2636.3599999999997,Short
1734433020,1734435360.0,2639.17,2638.81,2638.81,2637.7299999999996,Short
1734436140,1734439680.0,2640.03,2639.49,2641.6500000000015,2640.03,Long
1734440040,1734440100.0,2642.83,2642.55,2643.669999999999,2642.83,Long
1734440580,1734441540.0,2643.52,2643.18,2644.5400000000004,2643.52,Long
1734441660,1734441690.0,2644.37,2642.85,2642.85,2638.29,Short
1734441840,1734441960.0,2643.43,2642.89,2645.0499999999997,2643.43,Long
1734442140,1734442680.0,2643.34,2643.04,2643.04,2642.1399999999994,Short
1734442740,1734442800.0,2641.54,2640.01,2646.129999999999,2641.54,Long
1734443040,1734443100.0,2642.85,2641.97,2641.97,2639.3299999999995,Short
1734443160,1734443190.0,2642.37,2641.61,2644.649999999999,2642.37,Long
1734443340,1734445560.0,2641.92,2640.69,2640.69,2637.0,Short
1734445980,1734446340.0,2641.82,2640.18,2640.18,2635.259999999999,Short
1734446580,1734447060.0,2639.54,2639.03,2641.0699999999993,2639.54,Long
1734448260,1734448800.0,2641.13,2639.69,2645.4500000000003,2641.13,Long
1734448980,1734451080.0,2640.89,2640.48,2642.1199999999994,2640.89,Long
1734451200,1734451230.0,2640.75,2640.14,2640.14,2638.3099999999995,Short
1734451380,1734453240.0,2639.54,2638.83,2638.83,2636.7,Short
1734453420,1734453780.0,2638.23,2637.33,2640.9300000000003,2638.23,Long
1734454080,1734454680.0,2640.8,2639.89,2643.530000000001,2640.8,Long
1734454800,1734454980.0,2639.17,2638.84,2638.84,2637.8500000000004,Short
1734455220,1734462900.0,2639.8,2637.97,2645.2900000000013,2639.8,Long
1734463020,1734463050.0,2646.34,2644.8,2650.96,2646.34,Long
1734463200,1734463740.0,2646.59,2645.8,2645.8,2643.4300000000003,Short
1734463800,1734463830.0,2647.32,2647.22,2647.6200000000013,2647.32,Long
1734464040,1734464460.0,2647.16,2646.95,2646.95,2646.3199999999997,Short
1734464640,1734464670.0,2646.72,2646.49,2647.41,2646.72,Long
1734465240,1734467340.0,2646.32,2645.96,2645.96,2644.8799999999997,Short
1734467460,1734467580.0,2646.43,2645.8,2645.8,2643.910000000001,Short
1734467760,1734467880.0,2646.69,2646.31,2647.8300000000004,2646.69,Long
1734468240,1734471240.0,2645.87,2645.14,2645.14,2642.95,Short
1734471720,1734478380.0,2645.42,2645.28,2645.8399999999997,2645.42,Long
1734478680,1734479100.0,2645.68,2645.52,2646.1599999999994,2645.68,Long
1734479580,1734483660.0,2646.33,2644.4,2652.1199999999994,2646.33,Long
1734484080,1734485220.0,2649.44,2648.56,2652.0800000000004,2649.44,Long
1734485400,1734486060.0,2650.08,2649.49,2651.8500000000004,2650.08,Long
1734486120,1734486150.0,2649.94,2649.76,2649.76,2649.2200000000007,Short
1734486300,1734486420.0,2650.61,2650.16,2651.960000000001,2650.61,Long
1734486720,1734486780.0,2649.41,2648.82,2651.179999999999,2649.41,Long
1734487680,1734487980.0,2649.29,2648.84,2648.84,2647.4900000000007,Short
1734488100,1734488130.0,2649.91,2649.37,2651.5299999999997,2649.91,Long
1734488280,1734488310.0,2649.52,2649.37,2649.9700000000003,2649.52,Long
1734488520,1734491580.0,2649.28,2648.29,2648.29,2645.3199999999993,Short
1734491820,1734491880.0,2648.31,2648.02,2649.18,2648.31,Long
1734492000,1734497400.0,2647.86,2646.4,2646.4,2642.02,Short
1734497820,1734502200.0,2645.41,2645.14,2646.22,2645.41,Long
1734502260,1734505140.0,2646.98,2646.48,2646.48,2644.98,Short
1734505260,1734506100.0,2646.65,2645.97,2648.690000000001,2646.65,Long
1734506340,1734506760.0,2646.43,2645.3,2649.819999999999,2646.43,Long
1734507060,1734509940.0,2645.81,2644.93,2644.93,2642.2899999999995,Short
1734510060,1734510180.0,2645.83,2644.14,2650.9,2645.83,Long
1734510360,1734510540.0,2644.26,2643.31,2643.31,2640.459999999999,Short
1734510660,1734514560.0,2644.92,2643.69,2648.61,2644.92,Long
1734514800,1734514860.0,2647.95,2647.77,2647.77,2647.2300000000005,Short
1734514980,1734515340.0,2648.44,2647.99,2647.99,2646.639999999999,Short
1734515580,1734516360.0,2647.87,2647.24,2647.24,2645.3499999999995,Short
1734516420,1734516840.0,2646.51,2646.33,2647.050000000001,2646.51,Long
1734517080,1734517500.0,2648.16,2647.91,2647.91,2647.16,Short
1734518400,1734518430.0,2648.26,2648.07,2648.8300000000004,2648.26,Long
1734519480,1734519600.0,2649.06,2648.67,2650.2299999999996,2649.06,Long
1734520200,1734520800.0,2649.13,2648.5,2651.0200000000004,2649.13,Long
1734521100,1734521130.0,2647.77,2647.43,2648.7900000000004,2647.77,Long
1734521280,1734521400.0,2647.89,2647.53,2647.53,2646.450000000001,Short
1734521700,1734524820.0,2647.87,2647.42,2647.42,2646.0700000000006,Short
1734524940,1734524970.0,2646.74,2646.52,2646.52,2645.8600000000006,Short
1734525120,1734525150.0,2646.95,2646.65,2646.65,2645.750000000001,Short
1734525420,1734525660.0,2647.33,2647.25,2647.5699999999997,2647.33,Long
1734525840,1734528180.0,2646.13,2645.71,2645.71,2644.45,Short
1734528240,1734528270.0,2646.53,2644.77,2651.810000000001,2646.53,Long
1734528540,1734529860.0,2646.78,2646.11,2646.11,2644.1,Short
1734530220,1734530460.0,2645.69,2644.01,2650.7299999999996,2645.69,Long
1734530520,1734530700.0,2644.52,2643.41,2643.41,2640.0799999999995,Short
1734531120,1734537180.0,2643.21,2641.44,2641.44,2636.13,Short
1734537300,1734537720.0,2636.54,2636.54,2636.54,2636.54,Long
1734537780,1734537810.0,2637.89,2636.6,2636.6,2632.73,Short
1734538260,1734539640.0,2637.14,2636.12,2640.2,2637.14,Long
1734539880,1734539910.0,2637.62,2637.38,2637.38,2636.6600000000008,Short
1734540060,1734542400.0,2637.29,2636.21,2636.21,2632.9700000000003,Short
1734542760,1734544680.0,2638.45,2638.06,2639.6199999999994,2638.45,Long
1734545160,1734545280.0,2637.4,2636.69,2639.53,2637.4,Long
1734545700,1734546360.0,2637.16,2636.98,2636.98,2636.4400000000005,Short
1734546420,1734546480.0,2638.03,2636.8,2641.7200000000003,2638.03,Long
1734546660,1734547080.0,2637.76,2637.62,2638.180000000001,2637.76,Long
1734547200,1734547380.0,2637.97,2636.87,2636.87,2633.57,Short
1734547500,1734547560.0,2636.31,2636.04,2637.12,2636.31,Long
1734547680,1734547710.0,2636.36,2636.01,2636.01,2634.9600000000005,Short
1734547800,1734557040.0,2636.22,2636.04,2636.04,2635.5000000000005,Short
1734557220,1734557340.0,2592.12,2591.6,2593.68,2592.12,Long
1734557400,1734563820.0,2590.86,2589.56,2589.56,2585.6599999999994,Short
1734563940,1734566160.0,2591.07,2589.35,2596.230000000001,2591.07,Long
1734566340,1734566640.0,2588.77,2587.6,2587.6,2584.0899999999997,Short
1734566760,1734566790.0,2589.45,2588.52,2592.2399999999993,2589.45,Long
1734566940,1734567120.0,2589.24,2588.74,2588.74,2587.24,Short
1734567180,1734567210.0,2589.82,2589.37,2591.170000000001,2589.82,Long
1734567780,1734567810.0,2589.5,2589.3,2590.0999999999995,2589.5,Long
1734567960,1734575160.0,2592.06,2590.25,2597.49,2592.06,Long
1734575460,1734576900.0,2610.34,2609.96,2609.96,2608.8199999999997,Short
1734577080,1734577260.0,2613.1,2610.52,2620.8399999999997,2613.1,Long
1734577380,1734577410.0,2612.09,2611.78,2613.02,2612.09,Long
1734577980,1734578010.0,2611.12,2610.37,2613.37,2611.12,Long
1734578160,1734578700.0,2610.42,2609.92,2611.92,2610.42,Long
1734578880,1734578910.0,2609.7,2608.29,2608.29,2604.0600000000004,Short
1734579660,1734579900.0,2610.21,2610.21,2610.21,2610.21,Long
1734580080,1734580320.0,2610.74,2609.98,2609.98,2607.7000000000007,Short
1734580380,1734580560.0,2611.74,2610.7,2614.8599999999997,2611.74,Long
1734580800,1734580830.0,2610.95,2610.08,2613.5599999999995,2610.95,Long
1734580980,1734581700.0,2610.15,2609.82,2609.82,2608.8300000000004,Short
1734582000,1734582120.0,2609.01,2607.93,2607.93,2604.6899999999987,Short
1734582300,1734582420.0,2609.78,2609.0,2612.120000000001,2609.78,Long
1734582600,1734584280.0,2610.38,2608.42,2608.42,2602.54,Short
1734584400,1734584580.0,2609.22,2608.19,2612.309999999999,2609.22,Long
1734584700,1734584880.0,2609.32,2608.23,2612.5900000000006,2609.32,Long
1734585000,1734585030.0,2609.13,2608.87,2608.87,2608.0899999999992,Short
1734585600,1734587220.0,2609.93,2609.28,2611.8799999999987,2609.93,Long
1734588000,1734589560.0,2608.08,2606.4,2606.4,2601.3600000000006,Short
1734589920,1734589950.0,2609.59,2609.34,2610.34,2609.59,Long
1734590040,1734595200.0,2609.7,2609.55,2610.1499999999987,2609.7,Long
1734595320,1734595350.0,2615.69,2613.94,2620.94,2615.69,Long
1734595860,1734596700.0,2615.66,2613.98,2613.98,2608.9400000000005,Short
1734596760,1734596790.0,2617.78,2617.28,2619.28,2617.78,Long
1734597120,1734597150.0,2616.5,2615.97,2618.0900000000006,2616.5,Long
1734597420,1734597960.0,2616.28,2615.62,2615.62,2613.639999999999,Short
1734598020,1734598050.0,2615.61,2613.96,2620.5600000000004,2615.61,Long
1734598560,1734602160.0,2618.33,2617.5,2620.8199999999997,2618.33,Long
1734602280,1734602310.0,2620.37,2619.83,2621.99,2620.37,Long
1734602640,1734603000.0,2619.85,2617.73,2617.73,2611.3700000000003,Short
1734603240,1734603270.0,2620.5,2619.22,2624.3400000000006,2620.5,Long
1734603540,1734603600.0,2621.85,2621.01,2624.369999999999,2621.85,Long
1734603660,1734603780.0,2621.69,2621.08,2621.08,2619.2499999999995,Short
1734604140,1734604260.0,2621.4,2620.27,2624.7900000000004,2621.4,Long
1734604860,1734606000.0,2621.12,2620.54,2622.8599999999997,2621.12,Long
1734606060,1734606090.0,2620.13,2619.6,2619.6,2618.0099999999993,Short
1734606300,1734606600.0,2620.91,2619.99,2619.99,2617.2299999999996,Short
1734607080,1734607200.0,2621.1,2620.61,2622.5699999999993,2621.1,Long
1734607380,1734607410.0,2621.07,2620.25,2620.25,2617.7899999999995,Short
1734607680,1734619200.0,2619.5,2619.04,2619.04,2617.66,Short
1734619320,1734625320.0,2598.41,2597.47,2597.47,2594.6499999999996,Short
1734625440,1734628380.0,2591.43,2589.95,2595.87,2591.43,Long
1734628500,1734628530.0,2592.39,2590.5,2590.5,2584.8300000000004,Short
1734628620,1734628680.0,2592.0,2591.69,2591.69,2590.76,Short
1734628920,1734629040.0,2591.71,2591.39,2591.39,2590.4299999999994,Short
1734629160,1734629760.0,2592.33,2590.98,2590.98,2586.9300000000003,Short
1734630240,1734630360.0,2593.15,2592.84,2594.08,2593.15,Long
1734630540,1734630570.0,2592.07,2591.51,2593.75,2592.07,Long
1734630660,1734631200.0,2591.7,2590.78,2590.78,2588.0200000000013,Short
1734631260,1734631290.0,2592.64,2591.99,2594.59,2592.64,Long
1734631380,1734632880.0,2593.04,2592.35,2595.11,2593.04,Long
1734632940,1734633000.0,2594.56,2593.54,2593.54,2590.48,Short
1734633360,1734636540.0,2595.53,2594.69,2598.0500000000006,2595.53,Long
1734636660,1734636960.0,2597.67,2597.28,2597.28,2596.1100000000006,Short
1734637260,1734637560.0,2600.3,2598.39,2606.030000000001,2600.3,Long
1734637980,1734639360.0,2598.3,2598.24,2598.24,2598.0599999999986,Short
1734639480,1734639900.0,2598.5,2597.27,2602.19,2598.5,Long
1734640080,1734640560.0,2598.37,2597.9,2597.9,2596.4900000000007,Short
1734640680,1734641400.0,2599.24,2598.43,2601.6699999999996,2599.24,Long
1734641520,1734649680.0,2597.0,2596.0,2596.0,2593.0,Short
1734650100,1734650400.0,2594.89,2594.45,2596.21,2594.89,Long
1734650520,1734654540.0,2595.34,2594.94,2594.94,2593.74,Short
1734654720,1734655260.0,2593.96,2593.39,2595.6700000000005,2593.96,Long
1734655620,1734656760.0,2592.59,2592.06,2592.06,2590.4699999999993,Short
1734656820,1734660360.0,2592.86,2591.42,2597.1800000000003,2592.86,Long
1734660840,1734660870.0,2599.25,2598.78,2598.78,2597.370000000001,Short
1734661140,1734664260.0,2598.03,2597.52,2597.52,2595.9899999999993,Short
1734664440,1734665040.0,2596.93,2596.73,2596.73,2596.1300000000006,Short
1734665760,1734666000.0,2598.84,2598.64,2599.440000000001,2598.84,Long
1734666060,1734666120.0,2598.46,2597.16,2597.16,2593.2599999999993,Short
1734666240,1734666600.0,2597.24,2597.02,2597.899999999999,2597.24,Long
1734666720,1734666780.0,2597.41,2596.2,2596.2,2592.5699999999997,Short
1734666840,1734669840.0,2596.71,2596.64,2596.9200000000005,2596.71,Long
1734669960,1734672780.0,2598.27,2598.15,2598.15,2597.7900000000004,Short
1734672900,1734672930.0,2598.28,2597.25,2597.25,2594.1599999999994,Short
1734673260,1734679920.0,2600.01,2598.1,2605.740000000001,2600.01,Long
1734680280,1734680340.0,2603.2,2602.52,2602.52,2600.4800000000005,Short
1734680400,1734680820.0,2603.75,2602.2,2608.4000000000005,2603.75,Long
1734681120,1734681150.0,2605.76,2605.02,2607.980000000001,2605.76,Long
1734681240,1734681660.0,2605.02,2604.53,2604.53,2603.060000000001,Short
1734681900,1734682200.0,2607.21,2606.06,2606.06,2602.6099999999997,Short
1734682320,1734682620.0,2606.83,2606.14,2608.9,2606.83,Long
1734683220,1734683520.0,2606.78,2606.0,2609.120000000001,2606.78,Long
1734683640,1734684420.0,2606.29,2604.32,2612.1999999999994,2606.29,Long
1734684540,1734684570.0,2606.37,2605.6,2605.6,2603.29,Short
1734684720,1734684750.0,2606.46,2605.49,2609.370000000001,2606.46,Long
1734684900,1734685140.0,2606.96,2606.08,2609.6000000000004,2606.96,Long
1734685200,1734685740.0,2605.99,2605.29,2605.29,2603.1900000000005,Short
1734685920,1734686220.0,2605.88,2604.81,2604.81,2601.5999999999995,Short
1734687000,1734687960.0,2604.54,2603.71,2603.71,2601.2200000000003,Short
1734688260,1734688290.0,2605.53,2605.08,2605.08,2603.729999999999,Short
1734688740,1734688770.0,2605.61,2605.18,2606.900000000001,2605.61,Long
1734688920,1734688980.0,2605.18,2604.33,2604.33,2601.78,Short
1734689040,1734689070.0,2604.45,2604.21,2605.169999999999,2604.45,Long
1734689340,1734689460.0,2605.96,2605.63,2606.95,2605.96,Long
1734689520,1734689550.0,2605.97,2605.13,2605.13,2602.610000000001,Short
1734689640,1734689670.0,2605.29,2605.16,2605.16,2604.7699999999995,Short
1734689940,1734690840.0,2606.52,2605.56,2609.4,2606.52,Long
1734690960,1734690990.0,2605.62,2604.88,2604.88,2602.6600000000008,Short
1734691440,1734691470.0,2605.42,2605.2,2605.2,2604.539999999999,Short
1734691620,1734692100.0,2605.43,2605.26,2605.9399999999987,2605.43,Long
1734692340,1734695520.0,2604.97,2604.48,2604.48,2603.0100000000007,Short
1734695700,1734698580.0,2603.72,2603.72,2603.72,2603.72,Long
1734698760,1734699000.0,2603.97,2603.23,2603.23,2601.0100000000007,Short
1734699060,1734699090.0,2603.67,2602.89,2606.0100000000007,2603.67,Long
1734699480,1734699960.0,2603.52,2602.95,2605.2300000000005,2603.52,Long
1734700080,1734700380.0,2604.56,2603.07,2609.0299999999993,2604.56,Long
1734701280,1734701400.0,2602.32,2601.16,2601.16,2597.679999999999,Short
1734701460,1734711300.0,2605.79,2601.07,2619.9499999999994,2605.79,Long
1734711420,1734711540.0,2627.59,2624.8,2635.96,2627.59,Long
1734711900,1734714300.0,2625.35,2624.34,2624.34,2621.310000000001,Short
1734714420,1734715740.0,2626.39,2624.88,2630.919999999999,2626.39,Long
1734715920,1734716400.0,2625.13,2624.12,2624.12,2621.0899999999992,Short
1734716520,1734717180.0,2625.06,2623.2,2630.6400000000003,2625.06,Long
1734717300,1734718800.0,2625.66,2625.51,2625.51,2625.0600000000013,Short
1734718920,1734719400.0,2625.16,2624.24,2627.92,2625.16,Long
1734719520,1734720120.0,2624.84,2624.29,2624.29,2622.6399999999994,Short
1734720420,1734721620.0,2625.69,2624.63,2628.87,2625.69,Long
1734721740,1734725160.0,2626.16,2624.83,2630.1499999999996,2626.16,Long
1734725340,1734908700.0,2626.34,2625.93,2625.93,2624.699999999999,Short
1734908880,1734909240.0,2622.34,2621.6,2621.6,2619.379999999999,Short
1734909300,1734911400.0,2621.83,2620.9,2624.6199999999994,2621.83,Long
1734911460,1734911520.0,2623.79,2622.9,2622.9,2620.2300000000005,Short
1734911580,1734913320.0,2623.16,2622.2,2626.04,2623.16,Long
1734913440,1734917220.0,2622.51,2622.14,2622.14,2621.029999999999,Short
1734917340,1734917460.0,2619.9,2619.16,2622.120000000001,2619.9,Long
1734917520,1734918120.0,2619.24,2619.24,2619.24,2619.24,Long
1734918540,1734918570.0,2622.16,2621.46,2624.2599999999993,2622.16,Long
1734918660,1734918720.0,2621.65,2621.18,2621.18,2619.769999999999,Short
1734919140,1734922860.0,2622.23,2620.86,2626.3399999999997,2622.23,Long
1734923040,1734923100.0,2625.1,2624.7,2624.7,2623.4999999999995,Short
1734924660,1734926820.0,2624.06,2623.1,2623.1,2620.22,Short
1734927180,1734930720.0,2625.04,2624.0,2628.16,2625.04,Long
1734930780,1734930840.0,2626.24,2625.53,2625.53,2623.4000000000015,Short
1734931020,1734933900.0,2625.73,2625.4,2626.72,2625.73,Long
1734934020,1734934440.0,2626.03,2625.29,2625.29,2623.0699999999993,Short
1734934680,1734938640.0,2627.7,2627.25,2629.0499999999993,2627.7,Long
1734938820,1734938850.0,2631.11,2630.77,2630.77,2629.7499999999995,Short
1734938940,1734939240.0,2630.67,2630.45,2631.330000000001,2630.67,Long
1734939540,1734939570.0,2631.53,2631.31,2631.31,2630.649999999999,Short
1734939720,1734939750.0,2631.56,2631.29,2632.37,2631.56,Long
1734939960,1734939990.0,2631.52,2630.68,2634.0400000000004,2631.52,Long
1734940200,1734940440.0,2630.79,2630.58,2631.42,2630.79,Long
1734940800,1734942960.0,2629.93,2629.36,2629.36,2627.650000000001,Short
1734943020,1734944820.0,2630.88,2629.28,2635.68,2630.88,Long
1734945060,1734945420.0,2629.47,2629.03,2630.7899999999986,2629.47,Long
1734945660,1734946920.0,2629.57,2629.08,2629.08,2627.609999999999,Short
1734947040,1734955800.0,2629.36,2628.55,2628.55,2626.1200000000003,Short
1734955980,1734957480.0,2618.16,2617.08,2621.3999999999996,2618.16,Long
1734957780,1734957810.0,2615.34,2614.99,2614.99,2613.9399999999987,Short
1734958080,1734959460.0,2615.06,2614.31,2614.31,2612.06,Short
1734959580,1734959610.0,2617.7,2617.58,2617.58,2617.2200000000003,Short
1734960000,1734960060.0,2617.72,2616.95,2616.95,2614.64,Short
1734960300,1734960330.0,2616.16,2615.3,2615.3,2612.720000000001,Short
1734960480,1734960600.0,2615.46,2615.03,2616.7499999999995,2615.46,Long
1734961140,1734962460.0,2618.11,2616.6,2622.640000000001,2618.11,Long
1734962880,1734963900.0,2618.37,2617.99,2619.51,2618.37,Long
1734964380,1734964410.0,2618.24,2617.87,2619.3499999999995,2618.24,Long
1734964500,1734971640.0,2617.92,2617.43,2617.43,2615.959999999999,Short
1734972120,1734974940.0,2614.47,2613.75,2616.629999999999,2614.47,Long
1734975120,1734979260.0,2614.02,2613.44,2613.44,2611.7000000000003,Short
1734979560,1734979620.0,2610.95,2610.63,2610.63,2609.670000000001,Short
1734979740,1734979770.0,2612.03,2611.41,2613.8900000000012,2612.03,Long
1734980040,1734980760.0,2610.84,2610.04,2610.04,2607.6399999999994,Short
1734980940,1734980970.0,2611.17,2610.0,2614.6800000000003,2611.17,Long
1734981060,1734981180.0,2611.25,2610.78,2610.78,2609.370000000001,Short
1734981240,1734981780.0,2611.21,2610.5,2613.34,2611.21,Long
1734981960,1734982200.0,2611.6,2611.24,2611.24,2610.1599999999994,Short
1734982440,1734982470.0,2611.21,2610.69,2612.77,2611.21,Long
1734982560,1734982860.0,2611.09,2610.57,2610.57,2609.01,Short
1734983040,1734983220.0,2610.63,2609.5,2614.0200000000004,2610.63,Long
1734983340,1734983520.0,2611.42,2610.2,2610.2,2606.539999999999,Short
1734983640,1734983670.0,2610.83,2609.6,2614.52,2610.83,Long
1734984060,1734984360.0,2611.68,2611.02,2613.6599999999994,2611.68,Long
1734984840,1734985260.0,2611.36,2611.2,2611.840000000001,2611.36,Long
1734985560,1734986580.0,2611.07,2610.89,2611.610000000001,2611.07,Long
1734987060,1734988980.0,2609.87,2609.05,2609.05,2606.590000000001,Short
1734989280,1734999360.0,2612.16,2611.1,2615.3399999999997,2612.16,Long
1734999540,1735000260.0,2615.21,2614.72,2614.72,2613.249999999999,Short
1735000320,1735000350.0,2614.6,2614.15,2615.9499999999994,2614.6,Long
1735000440,1735000470.0,2614.36,2614.22,2614.22,2613.799999999999,Short
1735000620,1735001520.0,2614.55,2614.43,2614.43,2614.069999999999,Short
1735001940,1735004820.0,2617.05,2616.06,2620.020000000001,2617.05,Long
1735005120,1735005360.0,2615.9,2615.72,2615.72,2615.179999999999,Short
1735005420,1735008480.0,2616.24,2615.64,2618.0399999999995,2616.24,Long
1735008840,1735011360.0,2617.49,2617.03,2617.03,2615.6500000000015,Short
1735011540,1735011570.0,2617.65,2617.43,2618.310000000001,2617.65,Long
1735011660,1735011690.0,2617.36,2617.0,2618.4400000000005,2617.36,Long
1735011840,1735011900.0,2617.31,2617.09,2617.9699999999993,2617.31,Long
1735011960,1735012140.0,2617.48,2617.3,2617.3,2616.7600000000007,Short
1735012440,1735018080.0,2617.65,2617.39,2618.4300000000007,2617.65,Long
1735018500,1735018920.0,2618.98,2618.62,2618.62,2617.5399999999995,Short
1735018980,1735019280.0,2619.71,2618.9,2622.14,2619.71,Long
1735019460,1735023000.0,2620.29,2619.85,2619.85,2618.5299999999997,Short
1735023180,1735026060.0,2619.19,2618.37,2621.6500000000005,2619.19,Long
1735026480,1735026660.0,2620.11,2619.66,2621.460000000001,2620.11,Long
1735026900,1735029720.0,2618.81,2618.21,2618.21,2616.4100000000003,Short
1735030200,1735034760.0,2617.67,2617.16,2617.16,2615.629999999999,Short
1735034820,1735037820.0,2614.9,2614.12,2617.2400000000007,2614.9,Long
1735038060,1735039260.0,2615.39,2615.15,2615.15,2614.4300000000007,Short
1735039440,1735041000.0,2614.6,2614.2,2614.2,2612.9999999999995,Short
1735041120,1735041600.0,2614.89,2614.66,2615.58,2614.89,Long
1735041720,1735042320.0,2614.95,2614.46,2614.46,2612.9900000000007,Short
1735042440,1735043460.0,2614.82,2613.7,2618.180000000001,2614.82,Long
1735043640,1735043700.0,2614.3,2614.02,2614.02,2613.1799999999994,Short
1735043940,1735043970.0,2614.24,2613.46,2613.46,2611.120000000001,Short
1735044060,1735044090.0,2615.07,2613.26,2620.5,2615.07,Long
1735044360,1735044390.0,2615.24,2614.44,2614.44,2612.040000000001,Short
1735044660,1735046280.0,2615.02,2614.56,2614.56,2613.18,Short
1735046460,1735046640.0,2613.8,2613.01,2613.01,2610.6400000000003,Short
1735047360,1735048500.0,2612.75,2611.49,2611.49,2607.709999999999,Short
1735048560,1735048620.0,2613.87,2613.38,2615.3399999999992,2613.87,Long
1735048740,1735049160.0,2614.01,2613.55,2615.3900000000003,2614.01,Long
1735049460,1735051140.0,2614.35,2614.09,2615.129999999999,2614.35,Long
1735051260,1735051440.0,2613.26,2612.11,2616.7100000000005,2613.26,Long
1735051560,1735054140.0,2613.65,2612.97,2612.97,2610.929999999999,Short
1735054200,1735054230.0,2612.37,2612.12,2613.12,2612.37,Long
1735054500,1735054620.0,2612.58,2612.05,2612.05,2610.460000000001,Short
1735054680,1735054920.0,2612.36,2611.87,2613.830000000001,2612.36,Long
1735054980,1735055010.0,2612.24,2611.45,2611.45,2609.08,Short
1735055280,1735055400.0,2611.29,2610.69,2613.0899999999997,2611.29,Long
1735055760,1735055790.0,2610.85,2610.68,2611.36,2610.85,Long
1735055940,1735056000.0,2611.12,2611.12,2611.12,2611.12,Long
1735056180,1735056240.0,2612.71,2611.7,2615.7400000000007,2612.71,Long
1735056480,1735061640.0,2612.82,2612.6,2613.480000000001,2612.82,Long
1735061820,1735062420.0,2617.98,2617.69,2618.85,2617.98,Long
1735062480,1735062510.0,2616.74,2616.6,2616.6,2616.1800000000003,Short
1735062600,1735062720.0,2616.35,2616.02,2617.3399999999997,2616.35,Long
1735062900,1735063020.0,2616.25,2615.77,2617.69,2616.25,Long
1735063500,1735065420.0,2617.28,2616.59,2616.59,2614.52,Short
1735065720,1735065750.0,2616.29,2616.09,2616.09,2615.4900000000007,Short
1735065840,1735065870.0,2616.1,2616.05,2616.249999999999,2616.1,Long
1735167720,1735168080.0,2616.1,2614.31,2614.31,2608.94,Short
1735168440,1735172040.0,2617.14,2616.4,2619.359999999999,2617.14,Long
1735172520,1735179840.0,2619.56,2619.22,2620.5800000000004,2619.56,Long
1735180020,1735180320.0,2626.7,2626.55,2626.55,2626.1000000000013,Short
1735180500,1735180530.0,2626.36,2626.36,2626.36,2626.36,Long
1735180620,1735180860.0,2626.46,2626.31,2626.9100000000003,2626.46,Long
1735180920,1735181460.0,2626.34,2626.06,2626.06,2625.2199999999993,Short
1735181820,1735183380.0,2627.64,2627.15,2629.109999999999,2627.64,Long
1735183440,1735183800.0,2626.68,2626.32,2626.32,2625.240000000001,Short
1735184040,1735184640.0,2627.0,2626.76,2627.7199999999993,2627.0,Long
1735184940,1735186260.0,2626.94,2626.7,2626.7,2625.979999999999,Short
1735186740,1735187220.0,2626.56,2626.46,2626.8599999999997,2626.56,Long
1735187460,1735187640.0,2627.15,2626.69,2626.69,2625.31,Short
1735188060,1735189440.0,2628.41,2627.97,2629.73,2628.41,Long
1735189980,1735190520.0,2626.26,2625.86,2625.86,2624.66,Short
1735190580,1735190610.0,2626.0,2625.55,2627.3499999999995,2626.0,Long
1735190760,1735192080.0,2627.16,2625.66,2625.66,2621.16,Short
1735192260,1735192500.0,2627.66,2626.98,2629.6999999999994,2627.66,Long
1735192680,1735192740.0,2626.7,2626.41,2627.5699999999997,2626.7,Long
1735192980,1735193400.0,2625.66,2624.61,2624.61,2621.460000000001,Short
1735193880,1735193940.0,2626.69,2626.18,2626.18,2624.649999999999,Short
1735194000,1735194030.0,2626.72,2626.36,2627.799999999999,2626.72,Long
1735194180,1735194210.0,2626.47,2626.18,2626.18,2625.31,Short
1735194780,1735195860.0,2626.4,2625.65,2625.65,2623.4,Short
1735195980,1735196460.0,2625.06,2624.86,2625.6599999999994,2625.06,Long
1735196880,1735197300.0,2627.86,2626.55,2631.79,2627.86,Long
1735197660,1735200120.0,2626.06,2624.86,2624.86,2621.2600000000007,Short
1735200180,1735200210.0,2626.99,2625.87,2630.3499999999995,2626.99,Long
1735200300,1735200330.0,2626.95,2626.49,2626.49,2625.1099999999997,Short
1735200480,1735203060.0,2627.18,2626.58,2628.9799999999996,2627.18,Long
1735203420,1735204320.0,2627.01,2626.91,2626.91,2626.6099999999988,Short
1735205100,1735205400.0,2626.67,2626.29,2627.8100000000004,2626.67,Long
1735205700,1735205760.0,2626.62,2625.86,2628.899999999999,2626.62,Long
1735206000,1735206360.0,2627.07,2626.7,2628.180000000001,2627.07,Long
1735206600,1735207020.0,2627.92,2627.09,2630.41,2627.92,Long
1735207200,1735207440.0,2627.3,2627.1,2627.1,2626.499999999999,Short
1735208040,1735208700.0,2627.69,2626.6,2630.9600000000005,2627.69,Long
1735209120,1735212900.0,2627.4,2627.08,2628.3600000000006,2627.4,Long
1735213020,1735217700.0,2628.97,2628.7,2628.7,2627.89,Short
1735217820,1735217850.0,2626.79,2625.84,2625.84,2622.9900000000007,Short
1735218360,1735219260.0,2630.24,2628.7,2634.8599999999997,2630.24,Long
1735219440,1735219800.0,2627.57,2627.16,2628.800000000001,2627.57,Long
1735220340,,2625.26,2624.81,2624.81,2623.459999999999,Short
